,1,2,3,4,5,6,7,8,9,10,11,12,13,14,15,16,17,18,19,20,21,22,23,25,26,27,28,29,30,31,32,33,34,35,36,37,38,39,40,41,42,43,44,45,46,47,48,49,50,51,52,53,54,55,56,57,58,59,60,61,62,63,64,65,66,67,68,69,70,71,72,73,74,75,76,77,78,79,80,81,82,83,84,85,86,87,88,89,90,91,92,93,94,95,96,97,98,99,100,101,102,103,104,105,106,107,108,109,110,111,112,113,114,119,120,121,123,126,128,129,131,135,136,137,138,145
1,0.0,2058.0,301.0,745.0,1827.0,2341.0,2267.0,2546.0,556.0,1660.0,2108.0,485.0,996.0,2954.0,897.0,880.0,1150.0,367.0,879.0,1271.0,661.0,2257.0,519.0,2785.0,3758.0,1760.0,719.0,920.0,2397.0,2486.0,681.0,480.0,427.0,2542.0,1628.0,1220.0,455.0,1769.0,988.0,895.0,1751.0,359.0,2905.0,764.0,654.0,908.0,661.0,1494.0,1174.0,1096.0,302.0,1032.0,1075.0,203.0,457.0,195.0,317.0,753.0,870.0,420.0,923.0,840.0,1649.0,254.0,65.0,2472.0,1075.0,638.0,1230.0,1554.0,707.0,1101.0,2490.0,1532.0,854.0,290.0,116.0,506.0,271.0,505.0,246.0,437.0,2609.0,989.0,2715.0,941.0,1265.0,124.0,277.0,533.0,296.0,1437.0,1810.0,492.0,813.0,1484.0,1001.0,1189.0,769.0,1230.0,1200.0,198.0,2463.0,1100.0,581.0,540.0,460.0,590.0,722.0,661.0,450.0,414.0,979.0,827.0,361.0,682.0,1149.0,530.0,590.0,1005.0,519.0,1108.0,669.0,361.0,427.0,1080.0
2,2058.0,0.0,353.0,934.0,2349.0,3223.0,3361.0,3429.0,846.0,1614.0,3028.0,492.0,1284.0,4164.0,1366.0,1235.0,1404.0,502.0,1317.0,1740.0,961.0,2571.0,681.0,3701.0,4863.0,2518.0,1187.0,1490.0,3363.0,3103.0,903.0,682.0,488.0,3703.0,2532.0,1582.0,622.0,2359.0,1305.0,1143.0,2419.0,486.0,3357.0,892.0,888.0,1616.0,988.0,2267.0,2235.0,1537.0,391.0,1421.0,1795.0,302.0,711.0,313.0,483.0,942.0,1436.0,485.0,1339.0,1226.0,2299.0,278.0,85.0,3096.0,1327.0,865.0,2133.0,2442.0,1011.0,1479.0,3142.0,2011.0,1232.0,410.0,163.0,639.0,385.0,837.0,207.0,650.0,3511.0,1583.0,3450.0,1215.0,1858.0,119.0,328.0,753.0,449.0,1849.0,1636.0,500.0,1253.0,2253.0,1693.0,1908.0,1155.0,1409.0,1819.0,331.0,3915.0,1560.0,803.0,787.0,712.0,679.0,1184.0,930.0,620.0,523.0,1597.0,1111.0,508.0,934.0,1644.0,751.0,848.0,1425.0,738.0,1732.0,982.0,501.0,645.0,1653.0
3,301.0,353.0,0.0,112.0,286.0,353.0,376.0,393.0,92.0,216.0,341.0,87.0,153.0,547.0,132.0,132.0,171.0,58.0,135.0,208.0,106.0,306.0,79.0,463.0,575.0,328.0,108.0,182.0,377.0,404.0,113.0,78.0,68.0,418.0,264.0,208.0,83.0,289.0,182.0,115.0,256.0,59.0,385.0,128.0,99.0,156.0,121.0,263.0,203.0,186.0,45.0,156.0,172.0,33.0,79.0,32.0,50.0,110.0,153.0,73.0,178.0,146.0,243.0,43.0,13.0,366.0,171.0,87.0,198.0,269.0,115.0,174.0,363.0,215.0,143.0,49.0,11.0,98.0,44.0,107.0,32.0,69.0,371.0,143.0,438.0,147.0,221.0,19.0,49.0,110.0,45.0,248.0,187.0,52.0,150.0,260.0,168.0,212.0,99.0,143.0,181.0,33.0,364.0,194.0,100.0,88.0,95.0,104.0,149.0,93.0,76.0,57.0,123.0,128.0,59.0,99.0,189.0,87.0,90.0,164.0,73.0,192.0,139.0,61.0,98.0,202.0
4,745.0,934.0,112.0,0.0,668.0,871.0,913.0,1056.0,244.0,459.0,768.0,208.0,377.0,1361.0,419.0,375.0,475.0,163.0,366.0,506.0,310.0,807.0,224.0,998.0,1336.0,689.0,354.0,413.0,930.0,924.0,302.0,147.0,116.0,1091.0,660.0,474.0,139.0,758.0,451.0,356.0,622.0,152.0,970.0,249.0,218.0,466.0,284.0,647.0,444.0,452.0,143.0,436.0,458.0,98.0,197.0,81.0,154.0,293.0,471.0,127.0,463.0,415.0,667.0,94.0,28.0,950.0,337.0,252.0,409.0,827.0,308.0,472.0,742.0,712.0,364.0,130.0,41.0,185.0,113.0,217.0,68.0,159.0,1020.0,386.0,971.0,402.0,671.0,42.0,78.0,161.0,91.0,871.0,558.0,172.0,386.0,564.0,399.0,498.0,336.0,418.0,471.0,75.0,876.0,436.0,238.0,214.0,241.0,193.0,304.0,154.0,162.0,123.0,422.0,323.0,183.0,237.0,425.0,213.0,229.0,353.0,233.0,473.0,230.0,142.0,198.0,574.0
5,1827.0,2349.0,286.0,668.0,0.0,2210.0,2303.0,2412.0,558.0,1278.0,2108.0,489.0,914.0,3404.0,844.0,799.0,968.0,380.0,885.0,1349.0,680.0,1834.0,516.0,2425.0,3616.0,1994.0,815.0,940.0,2588.0,2433.0,732.0,517.0,342.0,2742.0,1523.0,1246.0,396.0,1663.0,957.0,821.0,1431.0,345.0,2558.0,654.0,604.0,988.0,740.0,1376.0,1220.0,1110.0,293.0,1067.0,1061.0,217.0,506.0,219.0,376.0,709.0,919.0,386.0,959.0,820.0,1808.0,192.0,69.0,2115.0,984.0,561.0,1164.0,1657.0,718.0,1068.0,2200.0,1563.0,762.0,300.0,100.0,431.0,240.0,577.0,200.0,468.0,2511.0,1127.0,2597.0,997.0,1315.0,113.0,247.0,570.0,266.0,1258.0,1059.0,414.0,819.0,1578.0,929.0,1297.0,806.0,1034.0,1143.0,193.0,2470.0,1170.0,526.0,539.0,484.0,459.0,808.0,550.0,388.0,362.0,973.0,788.0,318.0,607.0,1232.0,505.0,595.0,874.0,518.0,1093.0,700.0,289.0,445.0,1173.0
6,2341.0,3223.0,353.0,871.0,2210.0,0.0,2830.0,3380.0,756.0,1896.0,2971.0,619.0,1288.0,3700.0,1227.0,1154.0,1443.0,453.0,1218.0,1528.0,868.0,2411.0,596.0,3582.0,4554.0,2205.0,942.0,1222.0,3230.0,3219.0,857.0,645.0,450.0,3397.0,2033.0,1616.0,579.0,2270.0,1342.0,1053.0,1931.0,431.0,3826.0,836.0,789.0,1396.0,915.0,2170.0,1473.0,1380.0,403.0,1212.0,1504.0,257.0,645.0,290.0,469.0,912.0,1262.0,569.0,1293.0,1146.0,2137.0,305.0,97.0,3461.0,1240.0,710.0,1582.0,1995.0,996.0,1492.0,2892.0,1977.0,1126.0,374.0,148.0,667.0,312.0,660.0,256.0,588.0,3120.0,1427.0,3159.0,1210.0,1538.0,129.0,319.0,706.0,375.0,1779.0,1582.0,530.0,1156.0,2009.0,1386.0,1861.0,936.0,1277.0,1637.0,266.0,2813.0,1430.0,714.0,709.0,648.0,721.0,1120.0,736.0,541.0,553.0,1223.0,965.0,466.0,861.0,1521.0,700.0,743.0,1106.0,688.0,1530.0,856.0,456.0,665.0,1532.0
7,2267.0,3361.0,376.0,913.0,2303.0,2830.0,0.0,2993.0,768.0,1802.0,2931.0,675.0,1340.0,3635.0,1076.0,1179.0,1416.0,440.0,1293.0,1740.0,877.0,2394.0,691.0,3626.0,4846.0,2376.0,1059.0,1239.0,3225.0,3231.0,894.0,683.0,541.0,3377.0,2088.0,1614.0,642.0,2256.0,1300.0,1109.0,2038.0,442.0,3353.0,874.0,848.0,1191.0,897.0,1943.0,1516.0,1476.0,390.0,1394.0,1550.0,255.0,611.0,299.0,469.0,933.0,1252.0,580.0,1291.0,1100.0,2193.0,278.0,99.0,2907.0,1232.0,756.0,1592.0,2268.0,886.0,1368.0,3101.0,1962.0,1086.0,419.0,165.0,665.0,343.0,911.0,254.0,605.0,3202.0,1412.0,3537.0,1191.0,1687.0,190.0,351.0,786.0,428.0,1629.0,1457.0,551.0,1107.0,2204.0,1507.0,1702.0,1150.0,1330.0,1569.0,277.0,3391.0,1509.0,773.0,778.0,610.0,755.0,1114.0,760.0,510.0,585.0,1266.0,1048.0,475.0,931.0,1661.0,680.0,795.0,1280.0,697.0,1523.0,967.0,499.0,615.0,1627.0
8,2546.0,3429.0,393.0,1056.0,2412.0,3380.0,2993.0,0.0,772.0,1836.0,2972.0,759.0,1354.0,4479.0,1254.0,1183.0,1454.0,507.0,1246.0,1694.0,870.0,2571.0,710.0,3368.0,4784.0,2400.0,1064.0,1280.0,3283.0,3206.0,990.0,590.0,458.0,3798.0,2307.0,1696.0,538.0,2419.0,1503.0,1232.0,2341.0,506.0,4013.0,858.0,808.0,1484.0,1060.0,2085.0,1377.0,1701.0,402.0,1401.0,1562.0,297.0,696.0,293.0,529.0,960.0,1299.0,449.0,1320.0,1203.0,2362.0,273.0,75.0,3473.0,1388.0,852.0,1757.0,2296.0,1085.0,1482.0,2980.0,2306.0,1138.0,371.0,163.0,523.0,339.0,819.0,225.0,640.0,3537.0,1422.0,3319.0,1318.0,2024.0,145.0,331.0,607.0,347.0,2180.0,1803.0,595.0,1147.0,2120.0,1307.0,1721.0,1069.0,1339.0,1484.0,283.0,3420.0,1607.0,819.0,668.0,762.0,661.0,1330.0,686.0,527.0,491.0,1391.0,1076.0,453.0,848.0,1555.0,701.0,860.0,1296.0,685.0,1558.0,843.0,497.0,569.0,1847.0
9,556.0,846.0,92.0,244.0,558.0,756.0,768.0,772.0,0.0,382.0,699.0,168.0,300.0,1080.0,283.0,298.0,358.0,162.0,302.0,384.0,258.0,685.0,176.0,799.0,1182.0,614.0,264.0,325.0,876.0,773.0,260.0,156.0,127.0,938.0,586.0,409.0,116.0,599.0,356.0,277.0,524.0,114.0,885.0,217.0,198.0,383.0,257.0,511.0,375.0,404.0,97.0,390.0,329.0,81.0,157.0,72.0,141.0,227.0,263.0,113.0,401.0,318.0,549.0,75.0,24.0,684.0,311.0,152.0,374.0,548.0,282.0,351.0,706.0,561.0,268.0,89.0,42.0,132.0,86.0,208.0,54.0,155.0,931.0,383.0,815.0,319.0,431.0,50.0,90.0,169.0,73.0,482.0,407.0,151.0,309.0,478.0,303.0,483.0,239.0,314.0,364.0,57.0,751.0,359.0,188.0,163.0,168.0,181.0,256.0,180.0,138.0,123.0,313.0,246.0,110.0,232.0,353.0,175.0,194.0,306.0,157.0,325.0,203.0,121.0,176.0,422.0
10,1660.0,1614.0,216.0,459.0,1278.0,1896.0,1802.0,1836.0,382.0,0.0,1811.0,311.0,794.0,2469.0,652.0,621.0,819.0,256.0,765.0,1028.0,455.0,1321.0,375.0,2087.0,2347.0,1211.0,543.0,684.0,1840.0,2005.0,427.0,392.0,297.0,1884.0,1139.0,859.0,392.0,1294.0,696.0,601.0,1135.0,207.0,2019.0,520.0,489.0,713.0,475.0,1157.0,936.0,948.0,229.0,800.0,844.0,160.0,334.0,175.0,279.0,529.0,669.0,313.0,760.0,614.0,1309.0,204.0,46.0,1887.0,571.0,506.0,988.0,1381.0,546.0,876.0,1826.0,942.0,630.0,248.0,126.0,433.0,214.0,366.0,158.0,332.0,1736.0,800.0,2031.0,687.0,792.0,77.0,197.0,531.0,252.0,1008.0,879.0,292.0,636.0,1434.0,842.0,961.0,715.0,610.0,976.0,176.0,1736.0,826.0,411.0,479.0,389.0,473.0,698.0,425.0,354.0,328.0,745.0,649.0,289.0,524.0,946.0,406.0,480.0,773.0,404.0,919.0,620.0,251.0,394.0,932.0
11,2108.0,3028.0,341.0,768.0,2108.0,2971.0,2931.0,2972.0,699.0,1811.0,0.0,556.0,1226.0,3669.0,1004.0,1050.0,1355.0,413.0,1200.0,1587.0,873.0,2326.0,647.0,3714.0,4506.0,2197.0,856.0,1100.0,3121.0,2927.0,811.0,656.0,513.0,3300.0,1963.0,1399.0,609.0,2153.0,1205.0,977.0,1832.0,421.0,3297.0,803.0,947.0,1171.0,816.0,1824.0,1461.0,1317.0,365.0,1313.0,1402.0,243.0,616.0,258.0,444.0,884.0,1114.0,552.0,1145.0,1075.0,2080.0,264.0,72.0,2818.0,1134.0,642.0,1528.0,2079.0,913.0,1408.0,3192.0,1767.0,1018.0,329.0,150.0,557.0,367.0,636.0,237.0,570.0,2797.0,1339.0,3242.0,1136.0,1485.0,132.0,310.0,837.0,469.0,1552.0,1341.0,518.0,1013.0,2036.0,1401.0,1663.0,1052.0,1263.0,1490.0,278.0,2982.0,1513.0,610.0,754.0,563.0,722.0,1001.0,699.0,514.0,633.0,1159.0,1021.0,442.0,836.0,1600.0,655.0,783.0,1107.0,616.0,1363.0,980.0,455.0,551.0,1446.0
12,485.0,492.0,87.0,208.0,489.0,619.0,675.0,759.0,168.0,311.0,556.0,0.0,223.0,888.0,240.0,208.0,272.0,177.0,242.0,331.0,221.0,497.0,153.0,569.0,999.0,506.0,261.0,250.0,598.0,548.0,196.0,128.0,103.0,760.0,469.0,300.0,113.0,430.0,284.0,208.0,554.0,102.0,731.0,168.0,165.0,321.0,248.0,397.0,340.0,301.0,98.0,312.0,237.0,51.0,160.0,48.0,112.0,176.0,242.0,93.0,317.0,244.0,435.0,57.0,17.0,564.0,270.0,155.0,343.0,514.0,200.0,271.0,609.0,431.0,232.0,76.0,38.0,127.0,91.0,181.0,38.0,138.0,766.0,327.0,604.0,225.0,358.0,48.0,67.0,144.0,86.0,345.0,442.0,109.0,221.0,362.0,228.0,339.0,217.0,269.0,317.0,56.0,642.0,322.0,173.0,134.0,139.0,152.0,164.0,129.0,121.0,126.0,252.0,212.0,87.0,147.0,332.0,126.0,155.0,227.0,121.0,273.0,175.0,110.0,123.0,291.0
13,996.0,1284.0,153.0,377.0,914.0,1288.0,1340.0,1354.0,300.0,794.0,1226.0,223.0,0.0,1858.0,482.0,473.0,708.0,190.0,565.0,784.0,291.0,1104.0,269.0,1753.0,1902.0,852.0,405.0,526.0,1507.0,1439.0,312.0,245.0,228.0,1337.0,886.0,636.0,261.0,1401.0,546.0,439.0,804.0,177.0,1371.0,395.0,355.0,533.0,359.0,907.0,630.0,747.0,173.0,526.0,612.0,124.0,282.0,101.0,185.0,380.0,520.0,233.0,496.0,468.0,913.0,144.0,39.0,1269.0,560.0,392.0,702.0,1007.0,428.0,652.0,1445.0,768.0,506.0,174.0,70.0,370.0,155.0,248.0,95.0,238.0,1359.0,545.0,1536.0,521.0,665.0,56.0,151.0,306.0,181.0,760.0,673.0,227.0,505.0,1117.0,624.0,641.0,529.0,460.0,750.0,138.0,1267.0,635.0,419.0,306.0,269.0,339.0,542.0,347.0,237.0,218.0,572.0,461.0,255.0,349.0,703.0,356.0,352.0,626.0,311.0,733.0,459.0,214.0,261.0,639.0
14,2954.0,4164.0,547.0,1361.0,3404.0,3700.0,3635.0,4479.0,1080.0,2469.0,3669.0,888.0,1858.0,0.0,1673.0,1678.0,2077.0,675.0,1488.0,2490.0,1246.0,3425.0,834.0,4778.0,6666.0,3484.0,1478.0,1885.0,4974.0,5092.0,1122.0,865.0,705.0,4526.0,3156.0,2480.0,904.0,3451.0,2020.0,1486.0,3025.0,747.0,4507.0,1248.0,1080.0,1958.0,1330.0,2889.0,2069.0,2286.0,591.0,1776.0,2298.0,399.0,891.0,413.0,763.0,1378.0,1903.0,826.0,1877.0,1773.0,3302.0,415.0,153.0,3927.0,1856.0,1073.0,2443.0,2865.0,1376.0,1913.0,3843.0,2815.0,1618.0,626.0,257.0,945.0,554.0,1198.0,364.0,945.0,4990.0,2268.0,4632.0,1808.0,2191.0,230.0,493.0,1291.0,571.0,2697.0,2240.0,848.0,1714.0,2726.0,2478.0,2558.0,1344.0,2015.0,2507.0,478.0,4046.0,1742.0,1134.0,983.0,990.0,1004.0,1635.0,1015.0,766.0,724.0,1978.0,1667.0,639.0,1309.0,2244.0,974.0,1052.0,1581.0,939.0,2318.0,1548.0,638.0,871.0,2488.0
15,897.0,1366.0,132.0,419.0,844.0,1227.0,1076.0,1254.0,283.0,652.0,1004.0,240.0,482.0,1673.0,0.0,456.0,615.0,231.0,492.0,642.0,388.0,994.0,227.0,1363.0,1749.0,886.0,409.0,601.0,1127.0,1179.0,338.0,239.0,169.0,1413.0,878.0,588.0,191.0,1048.0,598.0,489.0,778.0,210.0,1384.0,347.0,276.0,552.0,392.0,828.0,530.0,580.0,186.0,496.0,605.0,95.0,248.0,113.0,208.0,373.0,566.0,175.0,553.0,496.0,854.0,110.0,32.0,1168.0,451.0,341.0,603.0,848.0,407.0,590.0,1008.0,924.0,456.0,147.0,67.0,216.0,134.0,299.0,91.0,214.0,1370.0,592.0,1274.0,514.0,800.0,61.0,134.0,214.0,128.0,711.0,671.0,214.0,494.0,829.0,513.0,680.0,400.0,518.0,684.0,102.0,1275.0,528.0,330.0,275.0,285.0,252.0,391.0,248.0,196.0,191.0,547.0,413.0,170.0,367.0,546.0,262.0,315.0,435.0,297.0,604.0,339.0,212.0,242.0,667.0
16,880.0,1235.0,132.0,375.0,799.0,1154.0,1179.0,1183.0,298.0,621.0,1050.0,208.0,473.0,1678.0,456.0,0.0,544.0,173.0,477.0,594.0,294.0,940.0,245.0,1261.0,1768.0,851.0,392.0,556.0,1228.0,1232.0,321.0,280.0,170.0,1332.0,814.0,589.0,229.0,923.0,487.0,408.0,757.0,187.0,1217.0,327.0,301.0,502.0,346.0,767.0,512.0,645.0,152.0,507.0,585.0,122.0,231.0,100.0,196.0,355.0,491.0,170.0,534.0,456.0,823.0,113.0,37.0,1106.0,474.0,314.0,593.0,791.0,415.0,528.0,1087.0,760.0,404.0,177.0,59.0,275.0,142.0,271.0,102.0,210.0,1277.0,527.0,1248.0,446.0,692.0,42.0,122.0,250.0,154.0,678.0,553.0,179.0,411.0,906.0,511.0,657.0,435.0,508.0,599.0,102.0,1232.0,549.0,294.0,290.0,281.0,252.0,408.0,264.0,209.0,187.0,480.0,390.0,200.0,311.0,578.0,290.0,286.0,486.0,290.0,601.0,331.0,182.0,251.0,596.0
17,1150.0,1404.0,171.0,475.0,968.0,1443.0,1416.0,1454.0,358.0,819.0,1355.0,272.0,708.0,2077.0,615.0,544.0,0.0,185.0,549.0,799.0,381.0,1246.0,331.0,1793.0,1981.0,965.0,459.0,638.0,1543.0,1528.0,356.0,287.0,247.0,1847.0,1021.0,713.0,301.0,1163.0,708.0,490.0,897.0,221.0,1446.0,339.0,333.0,627.0,377.0,903.0,681.0,799.0,186.0,645.0,690.0,113.0,283.0,112.0,170.0,388.0,579.0,214.0,655.0,561.0,1028.0,145.0,25.0,1406.0,609.0,404.0,728.0,1001.0,462.0,700.0,1365.0,857.0,497.0,173.0,66.0,350.0,178.0,321.0,103.0,245.0,1538.0,611.0,1611.0,536.0,798.0,63.0,161.0,311.0,162.0,893.0,707.0,232.0,569.0,975.0,640.0,747.0,539.0,543.0,778.0,160.0,1441.0,677.0,410.0,365.0,321.0,318.0,544.0,347.0,238.0,278.0,660.0,501.0,246.0,371.0,700.0,370.0,374.0,580.0,350.0,762.0,463.0,232.0,270.0,751.0
18,367.0,502.0,58.0,163.0,380.0,453.0,440.0,507.0,162.0,256.0,413.0,177.0,190.0,675.0,231.0,173.0,185.0,0.0,201.0,261.0,159.0,421.0,94.0,487.0,760.0,373.0,177.0,178.0,496.0,432.0,146.0,129.0,72.0,621.0,390.0,236.0,69.0,360.0,228.0,202.0,361.0,77.0,569.0,145.0,127.0,244.0,179.0,307.0,209.0,229.0,65.0,234.0,224.0,46.0,103.0,52.0,84.0,181.0,204.0,103.0,237.0,199.0,371.0,39.0,19.0,434.0,220.0,148.0,251.0,389.0,167.0,226.0,442.0,317.0,180.0,54.0,21.0,95.0,48.0,225.0,60.0,102.0,570.0,227.0,521.0,201.0,299.0,36.0,60.0,94.0,57.0,323.0,254.0,107.0,181.0,283.0,254.0,292.0,179.0,198.0,247.0,45.0,517.0,225.0,116.0,103.0,110.0,103.0,128.0,116.0,91.0,77.0,220.0,148.0,53.0,156.0,254.0,101.0,110.0,190.0,109.0,192.0,135.0,75.0,98.0,264.0
19,879.0,1317.0,135.0,366.0,885.0,1218.0,1293.0,1246.0,302.0,765.0,1200.0,242.0,565.0,1488.0,492.0,477.0,549.0,201.0,0.0,695.0,384.0,1046.0,271.0,1442.0,2043.0,1018.0,437.0,531.0,1298.0,1381.0,337.0,260.0,195.0,1416.0,915.0,570.0,242.0,885.0,501.0,421.0,832.0,194.0,1359.0,384.0,345.0,499.0,379.0,856.0,600.0,643.0,166.0,565.0,670.0,102.0,248.0,122.0,177.0,407.0,529.0,229.0,531.0,504.0,872.0,149.0,27.0,1187.0,515.0,354.0,699.0,945.0,410.0,612.0,1278.0,824.0,451.0,182.0,72.0,287.0,147.0,270.0,111.0,239.0,1375.0,531.0,1434.0,583.0,761.0,57.0,120.0,291.0,159.0,780.0,590.0,214.0,467.0,923.0,723.0,718.0,513.0,596.0,627.0,122.0,1339.0,617.0,359.0,335.0,300.0,284.0,449.0,306.0,234.0,206.0,576.0,410.0,202.0,378.0,656.0,297.0,323.0,550.0,337.0,667.0,401.0,197.0,270.0,623.0
20,1271.0,1740.0,208.0,506.0,1349.0,1528.0,1740.0,1694.0,384.0,1028.0,1587.0,331.0,784.0,2490.0,642.0,594.0,799.0,261.0,695.0,0.0,454.0,1397.0,375.0,1966.0,2631.0,1277.0,535.0,727.0,1914.0,1814.0,477.0,377.0,265.0,1902.0,1174.0,908.0,334.0,1297.0,726.0,553.0,1120.0,250.0,1884.0,490.0,433.0,690.0,473.0,1102.0,835.0,860.0,222.0,727.0,805.0,148.0,310.0,174.0,256.0,502.0,731.0,274.0,758.0,604.0,1254.0,180.0,52.0,1685.0,703.0,451.0,836.0,1313.0,523.0,828.0,1701.0,1053.0,605.0,233.0,90.0,384.0,188.0,412.0,152.0,355.0,1856.0,780.0,1955.0,747.0,990.0,95.0,173.0,409.0,221.0,990.0,877.0,322.0,647.0,1216.0,776.0,955.0,674.0,714.0,895.0,165.0,1734.0,874.0,428.0,423.0,384.0,422.0,659.0,414.0,292.0,295.0,725.0,587.0,268.0,516.0,948.0,394.0,468.0,714.0,406.0,894.0,504.0,294.0,338.0,892.0
21,661.0,961.0,106.0,310.0,680.0,868.0,877.0,870.0,258.0,455.0,873.0,221.0,291.0,1246.0,388.0,294.0,381.0,159.0,384.0,454.0,0.0,762.0,216.0,1017.0,1443.0,691.0,311.0,342.0,944.0,852.0,276.0,170.0,140.0,1175.0,651.0,450.0,165.0,613.0,399.0,403.0,581.0,160.0,1069.0,269.0,220.0,482.0,311.0,549.0,414.0,383.0,104.0,417.0,392.0,76.0,209.0,101.0,187.0,317.0,355.0,163.0,415.0,383.0,713.0,84.0,27.0,767.0,394.0,194.0,435.0,724.0,317.0,389.0,849.0,649.0,307.0,104.0,49.0,182.0,103.0,236.0,79.0,187.0,1006.0,418.0,1020.0,384.0,479.0,63.0,92.0,196.0,121.0,530.0,534.0,199.0,325.0,584.0,418.0,473.0,295.0,381.0,450.0,88.0,897.0,448.0,258.0,216.0,211.0,198.0,320.0,175.0,153.0,157.0,358.0,295.0,139.0,228.0,446.0,190.0,221.0,333.0,201.0,397.0,265.0,131.0,161.0,428.0
22,2257.0,2571.0,306.0,807.0,1834.0,2411.0,2394.0,2571.0,685.0,1321.0,2326.0,497.0,1104.0,3425.0,994.0,940.0,1246.0,421.0,1046.0,1397.0,762.0,0.0,584.0,2971.0,3986.0,1961.0,846.0,1078.0,2753.0,2629.0,789.0,500.0,376.0,3267.0,1922.0,1314.0,472.0,2126.0,1196.0,938.0,1649.0,376.0,2783.0,819.0,683.0,1245.0,815.0,1678.0,1201.0,1291.0,324.0,1114.0,1196.0,234.0,530.0,259.0,453.0,723.0,1087.0,398.0,1258.0,984.0,1801.0,270.0,72.0,2409.0,1154.0,688.0,1247.0,1898.0,870.0,1182.0,2396.0,1798.0,953.0,318.0,123.0,561.0,302.0,583.0,204.0,534.0,2779.0,1134.0,2860.0,1087.0,1648.0,114.0,278.0,489.0,304.0,1515.0,1237.0,453.0,964.0,1735.0,1052.0,1342.0,942.0,1146.0,1283.0,246.0,2643.0,1213.0,674.0,654.0,593.0,625.0,862.0,566.0,455.0,373.0,1026.0,879.0,401.0,693.0,1288.0,589.0,669.0,1010.0,608.0,1202.0,703.0,421.0,527.0,1357.0
23,519.0,681.0,79.0,224.0,516.0,596.0,691.0,710.0,176.0,375.0,647.0,153.0,269.0,834.0,227.0,245.0,331.0,94.0,271.0,375.0,216.0,584.0,0.0,746.0,1004.0,524.0,280.0,284.0,724.0,710.0,232.0,171.0,105.0,797.0,487.0,346.0,156.0,471.0,273.0,221.0,408.0,104.0,780.0,201.0,205.0,278.0,231.0,444.0,330.0,321.0,87.0,296.0,357.0,72.0,138.0,68.0,122.0,221.0,270.0,101.0,275.0,231.0,506.0,67.0,13.0,612.0,274.0,161.0,328.0,545.0,218.0,304.0,645.0,452.0,228.0,85.0,30.0,140.0,82.0,194.0,48.0,143.0,703.0,307.0,703.0,257.0,408.0,49.0,66.0,140.0,72.0,412.0,342.0,135.0,244.0,457.0,321.0,393.0,284.0,308.0,346.0,64.0,756.0,352.0,147.0,161.0,157.0,128.0,229.0,149.0,116.0,108.0,321.0,235.0,110.0,190.0,361.0,154.0,194.0,314.0,144.0,316.0,198.0,107.0,142.0,341.0
25,2785.0,3701.0,463.0,998.0,2425.0,3582.0,3626.0,3368.0,799.0,2087.0,3714.0,569.0,1753.0,4778.0,1363.0,1261.0,1793.0,487.0,1442.0,1966.0,1017.0,2971.0,746.0,0.0,5470.0,2588.0,1098.0,1371.0,3786.0,3783.0,1003.0,651.0,605.0,4360.0,2418.0,1826.0,751.0,2880.0,1525.0,1148.0,2226.0,555.0,3797.0,1065.0,1057.0,1527.0,941.0,2375.0,1726.0,1752.0,508.0,1493.0,1684.0,292.0,698.0,326.0,516.0,1105.0,1484.0,573.0,1455.0,1201.0,2488.0,358.0,102.0,3462.0,1431.0,907.0,1811.0,2431.0,1028.0,1709.0,3874.0,2228.0,1419.0,481.0,198.0,764.0,463.0,710.0,285.0,684.0,3678.0,1619.0,4161.0,1438.0,1964.0,162.0,386.0,902.0,535.0,1886.0,1781.0,528.0,1299.0,2633.0,1531.0,1895.0,1250.0,1518.0,1931.0,319.0,3577.0,1716.0,958.0,896.0,767.0,814.0,1455.0,852.0,638.0,725.0,1401.0,1235.0,556.0,1008.0,1873.0,931.0,921.0,1515.0,862.0,1766.0,1207.0,563.0,754.0,1873.0
26,3758.0,4863.0,575.0,1336.0,3616.0,4554.0,4846.0,4784.0,1182.0,2347.0,4506.0,999.0,1902.0,6666.0,1749.0,1768.0,1981.0,760.0,2043.0,2631.0,1443.0,3986.0,1004.0,5470.0,0.0,3699.0,1603.0,1996.0,5478.0,5191.0,1416.0,1010.0,727.0,5721.0,3085.0,2593.0,896.0,3487.0,2085.0,1600.0,3097.0,703.0,5426.0,1422.0,1339.0,2074.0,1385.0,3120.0,2375.0,2501.0,608.0,2129.0,2355.0,381.0,978.0,482.0,675.0,1360.0,1964.0,747.0,2100.0,1791.0,3516.0,466.0,123.0,4643.0,2010.0,1178.0,2358.0,3671.0,1580.0,2173.0,4785.0,3259.0,1672.0,603.0,222.0,989.0,545.0,1160.0,373.0,986.0,5366.0,2251.0,6024.0,2040.0,2920.0,220.0,523.0,1211.0,638.0,2653.0,2077.0,703.0,1798.0,3320.0,1994.0,2546.0,1792.0,2158.0,2613.0,440.0,5006.0,2542.0,1184.0,1153.0,1023.0,970.0,1808.0,1165.0,852.0,820.0,1944.0,1722.0,783.0,1380.0,2614.0,1112.0,1224.0,1999.0,1190.0,2291.0,1472.0,703.0,916.0,2415.0
27,1760.0,2518.0,328.0,689.0,1994.0,2205.0,2376.0,2400.0,614.0,1211.0,2197.0,506.0,852.0,3484.0,886.0,851.0,965.0,373.0,1018.0,1277.0,691.0,1961.0,524.0,2588.0,3699.0,0.0,737.0,1050.0,2650.0,2516.0,736.0,473.0,335.0,2858.0,1772.0,1305.0,431.0,1677.0,1014.0,832.0,1611.0,401.0,2624.0,676.0,647.0,1007.0,743.0,1518.0,1304.0,1133.0,316.0,1145.0,1174.0,193.0,519.0,213.0,382.0,698.0,962.0,401.0,972.0,860.0,1924.0,205.0,68.0,2177.0,1008.0,569.0,1147.0,1750.0,757.0,1136.0,2350.0,1555.0,792.0,294.0,114.0,511.0,297.0,619.0,216.0,492.0,2555.0,1189.0,2714.0,981.0,1324.0,149.0,253.0,560.0,300.0,1476.0,1308.0,394.0,917.0,1556.0,1082.0,1337.0,855.0,1107.0,1201.0,207.0,2615.0,1288.0,557.0,547.0,497.0,543.0,805.0,538.0,389.0,432.0,1028.0,820.0,354.0,680.0,1294.0,476.0,634.0,873.0,535.0,1091.0,688.0,338.0,434.0,1151.0
28,719.0,1187.0,108.0,354.0,815.0,942.0,1059.0,1064.0,264.0,543.0,856.0,261.0,405.0,1478.0,409.0,392.0,459.0,177.0,437.0,535.0,311.0,846.0,280.0,1098.0,1603.0,737.0,0.0,444.0,1039.0,952.0,369.0,207.0,137.0,1178.0,713.0,527.0,163.0,769.0,473.0,400.0,692.0,179.0,1054.0,295.0,254.0,439.0,334.0,682.0,423.0,470.0,127.0,480.0,488.0,92.0,275.0,93.0,174.0,324.0,469.0,165.0,630.0,418.0,750.0,91.0,22.0,1012.0,447.0,263.0,488.0,751.0,326.0,445.0,965.0,667.0,337.0,117.0,57.0,188.0,140.0,256.0,87.0,225.0,1091.0,507.0,1090.0,431.0,719.0,57.0,109.0,247.0,132.0,648.0,554.0,229.0,428.0,713.0,489.0,649.0,330.0,450.0,438.0,76.0,1140.0,517.0,264.0,233.0,207.0,242.0,324.0,249.0,182.0,181.0,437.0,344.0,143.0,280.0,493.0,241.0,252.0,375.0,220.0,498.0,275.0,149.0,174.0,482.0
29,920.0,1490.0,182.0,413.0,940.0,1222.0,1239.0,1280.0,325.0,684.0,1100.0,250.0,526.0,1885.0,601.0,556.0,638.0,178.0,531.0,727.0,342.0,1078.0,284.0,1371.0,1996.0,1050.0,444.0,0.0,1321.0,1299.0,357.0,265.0,167.0,1524.0,971.0,672.0,263.0,1065.0,629.0,420.0,840.0,201.0,1426.0,348.0,332.0,650.0,388.0,864.0,582.0,651.0,170.0,531.0,583.0,126.0,257.0,121.0,188.0,378.0,573.0,200.0,575.0,496.0,984.0,126.0,48.0,1293.0,508.0,367.0,726.0,1013.0,405.0,593.0,1065.0,928.0,524.0,168.0,67.0,301.0,174.0,326.0,98.0,256.0,1524.0,578.0,1358.0,571.0,807.0,63.0,142.0,239.0,165.0,908.0,683.0,232.0,548.0,950.0,607.0,684.0,450.0,554.0,686.0,107.0,1392.0,583.0,330.0,344.0,297.0,298.0,463.0,272.0,233.0,189.0,559.0,424.0,211.0,368.0,637.0,304.0,309.0,499.0,289.0,666.0,368.0,214.0,229.0,736.0
30,2397.0,3363.0,377.0,930.0,2588.0,3230.0,3225.0,3283.0,876.0,1840.0,3121.0,598.0,1507.0,4974.0,1127.0,1228.0,1543.0,496.0,1298.0,1914.0,944.0,2753.0,724.0,3786.0,5478.0,2650.0,1039.0,1321.0,0.0,3604.0,1053.0,646.0,505.0,3836.0,2389.0,1831.0,533.0,2298.0,1404.0,1129.0,2315.0,504.0,3753.0,938.0,887.0,1379.0,929.0,2050.0,1744.0,1579.0,425.0,1471.0,1469.0,252.0,640.0,321.0,570.0,914.0,1457.0,564.0,1408.0,1277.0,2565.0,322.0,83.0,3087.0,1466.0,773.0,1658.0,2503.0,997.0,1479.0,3366.0,2410.0,1119.0,418.0,190.0,622.0,366.0,801.0,241.0,688.0,3709.0,1465.0,3901.0,1414.0,1831.0,154.0,365.0,768.0,421.0,1915.0,1817.0,587.0,1207.0,2197.0,1316.0,1817.0,1186.0,1510.0,1841.0,319.0,3619.0,1599.0,736.0,795.0,604.0,737.0,1220.0,813.0,590.0,555.0,1325.0,1172.0,469.0,1036.0,1791.0,749.0,792.0,1332.0,735.0,1505.0,978.0,488.0,656.0,1676.0
31,2486.0,3103.0,404.0,924.0,2433.0,3219.0,3231.0,3206.0,773.0,2005.0,2927.0,548.0,1439.0,5092.0,1179.0,1232.0,1528.0,432.0,1381.0,1814.0,852.0,2629.0,710.0,3783.0,5191.0,2516.0,952.0,1299.0,3604.0,0.0,910.0,611.0,536.0,3602.0,2082.0,1720.0,626.0,2488.0,1429.0,1045.0,2055.0,436.0,3321.0,956.0,853.0,1338.0,824.0,1972.0,1540.0,1764.0,430.0,1316.0,1516.0,291.0,617.0,291.0,469.0,911.0,1430.0,544.0,1411.0,1189.0,2393.0,317.0,91.0,3164.0,1329.0,837.0,1616.0,2305.0,1055.0,1445.0,3096.0,2221.0,1228.0,414.0,180.0,749.0,355.0,687.0,214.0,629.0,3505.0,1492.0,3774.0,1455.0,1958.0,129.0,344.0,784.0,447.0,1763.0,1738.0,560.0,1224.0,2362.0,1438.0,1788.0,1199.0,1426.0,1874.0,290.0,3252.0,1582.0,840.0,807.0,663.0,724.0,1233.0,794.0,577.0,469.0,1326.0,1173.0,491.0,902.0,1768.0,779.0,864.0,1328.0,805.0,1706.0,1057.0,490.0,644.0,1706.0
32,681.0,903.0,113.0,302.0,732.0,857.0,894.0,990.0,260.0,427.0,811.0,196.0,312.0,1122.0,338.0,321.0,356.0,146.0,337.0,477.0,276.0,789.0,232.0,1003.0,1416.0,736.0,369.0,357.0,1053.0,910.0,0.0,209.0,130.0,1191.0,647.0,492.0,138.0,602.0,389.0,361.0,667.0,140.0,983.0,282.0,216.0,445.0,309.0,584.0,480.0,380.0,108.0,438.0,394.0,96.0,238.0,87.0,171.0,305.0,336.0,152.0,504.0,395.0,602.0,80.0,21.0,916.0,395.0,216.0,440.0,641.0,273.0,393.0,855.0,625.0,294.0,115.0,45.0,182.0,108.0,227.0,76.0,195.0,966.0,413.0,915.0,343.0,553.0,48.0,108.0,196.0,94.0,543.0,479.0,199.0,333.0,503.0,343.0,518.0,265.0,415.0,401.0,77.0,989.0,415.0,178.0,198.0,184.0,204.0,295.0,210.0,146.0,133.0,364.0,295.0,122.0,252.0,477.0,194.0,227.0,327.0,212.0,401.0,214.0,128.0,176.0,458.0
33,480.0,682.0,78.0,147.0,517.0,645.0,683.0,590.0,156.0,392.0,656.0,128.0,245.0,865.0,239.0,280.0,287.0,129.0,260.0,377.0,170.0,500.0,171.0,651.0,1010.0,473.0,207.0,265.0,646.0,611.0,209.0,0.0,104.0,719.0,394.0,290.0,140.0,449.0,285.0,257.0,447.0,102.0,722.0,185.0,170.0,268.0,170.0,404.0,347.0,311.0,93.0,311.0,276.0,62.0,135.0,67.0,129.0,168.0,259.0,107.0,259.0,242.0,445.0,44.0,23.0,633.0,257.0,173.0,341.0,518.0,273.0,289.0,620.0,529.0,192.0,75.0,40.0,154.0,92.0,138.0,74.0,126.0,721.0,298.0,831.0,239.0,338.0,33.0,82.0,181.0,76.0,309.0,330.0,113.0,252.0,436.0,286.0,388.0,235.0,290.0,364.0,77.0,678.0,364.0,132.0,150.0,118.0,152.0,247.0,159.0,103.0,134.0,265.0,259.0,101.0,180.0,349.0,132.0,150.0,251.0,144.0,331.0,235.0,80.0,140.0,295.0
34,427.0,488.0,68.0,116.0,342.0,450.0,541.0,458.0,127.0,297.0,513.0,103.0,228.0,705.0,169.0,170.0,247.0,72.0,195.0,265.0,140.0,376.0,105.0,605.0,727.0,335.0,137.0,167.0,505.0,536.0,130.0,104.0,0.0,534.0,310.0,226.0,102.0,343.0,182.0,162.0,320.0,56.0,518.0,128.0,147.0,195.0,139.0,283.0,273.0,241.0,64.0,229.0,231.0,54.0,92.0,44.0,91.0,139.0,197.0,113.0,183.0,150.0,325.0,48.0,14.0,529.0,188.0,116.0,248.0,337.0,138.0,232.0,500.0,248.0,170.0,66.0,34.0,120.0,63.0,123.0,53.0,122.0,485.0,210.0,514.0,185.0,283.0,16.0,50.0,162.0,63.0,254.0,221.0,104.0,157.0,350.0,241.0,296.0,173.0,208.0,243.0,38.0,509.0,262.0,105.0,122.0,83.0,106.0,187.0,144.0,92.0,110.0,190.0,165.0,86.0,134.0,263.0,121.0,105.0,183.0,109.0,231.0,170.0,76.0,97.0,219.0
35,2542.0,3703.0,418.0,1091.0,2742.0,3397.0,3377.0,3798.0,938.0,1884.0,3300.0,760.0,1337.0,4526.0,1413.0,1332.0,1847.0,621.0,1416.0,1902.0,1175.0,3267.0,797.0,4360.0,5721.0,2858.0,1178.0,1524.0,3836.0,3602.0,1191.0,719.0,534.0,0.0,2556.0,1979.0,611.0,2950.0,1610.0,1458.0,2375.0,558.0,4463.0,1066.0,948.0,1836.0,1126.0,2352.0,1744.0,1608.0,440.0,1650.0,1537.0,331.0,802.0,335.0,566.0,1065.0,1479.0,573.0,1550.0,1446.0,2743.0,327.0,96.0,4080.0,1627.0,857.0,1801.0,2732.0,1160.0,1632.0,3619.0,2459.0,1337.0,427.0,186.0,725.0,407.0,897.0,281.0,692.0,4066.0,1747.0,3878.0,1481.0,1930.0,168.0,432.0,787.0,393.0,2141.0,1810.0,619.0,1443.0,2236.0,1542.0,1954.0,1210.0,1678.0,1776.0,314.0,3693.0,1773.0,915.0,787.0,764.0,714.0,1306.0,864.0,643.0,592.0,1464.0,1210.0,481.0,1023.0,1948.0,829.0,926.0,1374.0,842.0,1560.0,972.0,533.0,707.0,1790.0
36,1628.0,2532.0,264.0,660.0,1523.0,2033.0,2088.0,2307.0,586.0,1139.0,1963.0,469.0,886.0,3156.0,878.0,814.0,1021.0,390.0,915.0,1174.0,651.0,1922.0,487.0,2418.0,3085.0,1772.0,713.0,971.0,2389.0,2082.0,647.0,394.0,310.0,2556.0,0.0,1176.0,344.0,1800.0,905.0,768.0,1555.0,318.0,2420.0,672.0,497.0,1074.0,717.0,1496.0,988.0,1023.0,312.0,1024.0,1031.0,197.0,451.0,238.0,386.0,735.0,918.0,346.0,1040.0,842.0,1581.0,185.0,59.0,2342.0,905.0,610.0,1031.0,1762.0,687.0,1037.0,2000.0,1456.0,908.0,295.0,110.0,435.0,243.0,529.0,178.0,432.0,2588.0,1043.0,2251.0,857.0,1342.0,103.0,212.0,460.0,250.0,1283.0,1153.0,403.0,953.0,1429.0,998.0,1309.0,788.0,839.0,1218.0,228.0,2343.0,1004.0,509.0,484.0,501.0,467.0,745.0,480.0,403.0,318.0,883.0,771.0,292.0,584.0,1096.0,475.0,514.0,769.0,466.0,1061.0,584.0,333.0,522.0,1173.0
37,1220.0,1582.0,208.0,474.0,1246.0,1616.0,1614.0,1696.0,409.0,859.0,1399.0,300.0,636.0,2480.0,588.0,589.0,713.0,236.0,570.0,908.0,450.0,1314.0,346.0,1826.0,2593.0,1305.0,527.0,672.0,1831.0,1720.0,492.0,290.0,226.0,1979.0,1176.0,0.0,255.0,1139.0,756.0,559.0,1071.0,215.0,1832.0,464.0,378.0,730.0,473.0,1032.0,832.0,742.0,229.0,704.0,777.0,155.0,296.0,150.0,280.0,454.0,696.0,213.0,670.0,599.0,1229.0,144.0,49.0,1506.0,716.0,390.0,840.0,1115.0,519.0,723.0,1510.0,1091.0,584.0,215.0,80.0,323.0,186.0,403.0,111.0,318.0,1730.0,733.0,1791.0,677.0,903.0,62.0,160.0,326.0,182.0,907.0,783.0,310.0,580.0,979.0,669.0,911.0,454.0,690.0,814.0,150.0,1760.0,765.0,382.0,342.0,321.0,340.0,543.0,441.0,320.0,236.0,593.0,521.0,229.0,451.0,814.0,347.0,411.0,607.0,325.0,772.0,443.0,241.0,299.0,778.0
38,455.0,622.0,83.0,139.0,396.0,579.0,642.0,538.0,116.0,392.0,609.0,113.0,261.0,904.0,191.0,229.0,301.0,69.0,242.0,334.0,165.0,472.0,156.0,751.0,896.0,431.0,163.0,263.0,533.0,626.0,138.0,140.0,102.0,611.0,344.0,255.0,0.0,468.0,249.0,194.0,368.0,103.0,613.0,186.0,189.0,207.0,160.0,365.0,283.0,352.0,87.0,238.0,289.0,61.0,116.0,58.0,73.0,142.0,267.0,127.0,273.0,185.0,383.0,84.0,15.0,538.0,254.0,160.0,316.0,387.0,210.0,333.0,637.0,328.0,183.0,93.0,41.0,173.0,74.0,125.0,57.0,131.0,590.0,259.0,648.0,209.0,339.0,33.0,71.0,154.0,99.0,304.0,322.0,106.0,217.0,497.0,309.0,308.0,241.0,236.0,314.0,54.0,625.0,270.0,163.0,167.0,129.0,166.0,252.0,148.0,101.0,127.0,225.0,214.0,102.0,181.0,334.0,122.0,180.0,282.0,132.0,332.0,235.0,113.0,144.0,320.0
39,1769.0,2359.0,289.0,758.0,1663.0,2270.0,2256.0,2419.0,599.0,1294.0,2153.0,430.0,1401.0,3451.0,1048.0,923.0,1163.0,360.0,885.0,1297.0,613.0,2126.0,471.0,2880.0,3487.0,1677.0,769.0,1065.0,2298.0,2488.0,602.0,449.0,343.0,2950.0,1800.0,1139.0,468.0,0.0,1128.0,829.0,1503.0,353.0,2546.0,682.0,558.0,1057.0,620.0,1566.0,1034.0,1368.0,330.0,984.0,1067.0,194.0,450.0,225.0,402.0,716.0,1045.0,341.0,1091.0,800.0,1700.0,242.0,58.0,2270.0,1014.0,714.0,1085.0,1587.0,784.0,1076.0,2293.0,1588.0,926.0,277.0,106.0,520.0,274.0,530.0,193.0,415.0,2625.0,1027.0,2600.0,960.0,1373.0,96.0,235.0,410.0,311.0,1376.0,1301.0,402.0,870.0,1698.0,1045.0,1194.0,896.0,943.0,1224.0,235.0,2356.0,1057.0,795.0,570.0,621.0,500.0,850.0,565.0,456.0,309.0,1058.0,769.0,391.0,631.0,1165.0,570.0,597.0,983.0,587.0,1181.0,645.0,351.0,511.0,1323.0
40,988.0,1305.0,182.0,451.0,957.0,1342.0,1300.0,1503.0,356.0,696.0,1205.0,284.0,546.0,2020.0,598.0,487.0,708.0,228.0,501.0,726.0,399.0,1196.0,273.0,1525.0,2085.0,1014.0,473.0,629.0,1404.0,1429.0,389.0,285.0,182.0,1610.0,905.0,756.0,249.0,1128.0,0.0,533.0,839.0,206.0,1487.0,375.0,312.0,692.0,399.0,833.0,685.0,675.0,154.0,634.0,701.0,136.0,287.0,133.0,239.0,427.0,565.0,220.0,666.0,514.0,1012.0,108.0,38.0,1336.0,602.0,341.0,545.0,999.0,451.0,581.0,1190.0,979.0,544.0,189.0,77.0,251.0,132.0,303.0,106.0,244.0,1551.0,649.0,1455.0,550.0,866.0,58.0,148.0,302.0,158.0,897.0,773.0,266.0,534.0,909.0,596.0,748.0,487.0,600.0,831.0,136.0,1506.0,668.0,367.0,318.0,331.0,291.0,504.0,320.0,239.0,208.0,550.0,477.0,208.0,370.0,678.0,329.0,329.0,476.0,285.0,662.0,387.0,216.0,293.0,745.0
41,895.0,1143.0,115.0,356.0,821.0,1053.0,1109.0,1232.0,277.0,601.0,977.0,208.0,439.0,1486.0,489.0,408.0,490.0,202.0,421.0,553.0,403.0,938.0,221.0,1148.0,1600.0,832.0,400.0,420.0,1129.0,1045.0,361.0,257.0,162.0,1458.0,768.0,559.0,194.0,829.0,533.0,0.0,793.0,197.0,1432.0,306.0,265.0,484.0,357.0,643.0,509.0,545.0,128.0,498.0,482.0,96.0,229.0,95.0,190.0,350.0,425.0,139.0,504.0,491.0,789.0,109.0,26.0,1026.0,465.0,298.0,574.0,880.0,388.0,507.0,952.0,680.0,396.0,127.0,57.0,224.0,108.0,292.0,96.0,216.0,1149.0,458.0,1153.0,447.0,713.0,72.0,141.0,230.0,116.0,802.0,558.0,219.0,423.0,705.0,451.0,578.0,389.0,476.0,521.0,83.0,1135.0,576.0,305.0,241.0,262.0,255.0,373.0,227.0,178.0,169.0,500.0,361.0,148.0,308.0,523.0,253.0,287.0,445.0,253.0,513.0,297.0,161.0,244.0,637.0
42,1751.0,2419.0,256.0,622.0,1431.0,1931.0,2038.0,2341.0,524.0,1135.0,1832.0,554.0,804.0,3025.0,778.0,757.0,897.0,361.0,832.0,1120.0,581.0,1649.0,408.0,2226.0,3097.0,1611.0,692.0,840.0,2315.0,2055.0,667.0,447.0,320.0,2375.0,1555.0,1071.0,368.0,1503.0,839.0,793.0,0.0,298.0,2318.0,546.0,503.0,890.0,629.0,1319.0,953.0,983.0,273.0,944.0,1024.0,169.0,425.0,206.0,345.0,611.0,901.0,347.0,870.0,794.0,1373.0,173.0,49.0,2053.0,920.0,618.0,994.0,1561.0,626.0,903.0,1902.0,1535.0,729.0,269.0,104.0,374.0,267.0,529.0,191.0,409.0,2198.0,944.0,2064.0,843.0,1313.0,108.0,213.0,463.0,251.0,1301.0,1056.0,415.0,779.0,1277.0,910.0,1175.0,629.0,955.0,957.0,201.0,2514.0,1117.0,498.0,417.0,485.0,467.0,668.0,427.0,379.0,389.0,812.0,687.0,270.0,597.0,1045.0,453.0,569.0,774.0,418.0,903.0,593.0,313.0,345.0,996.0
43,359.0,486.0,59.0,152.0,345.0,431.0,442.0,506.0,114.0,207.0,421.0,102.0,177.0,747.0,210.0,187.0,221.0,77.0,194.0,250.0,160.0,376.0,104.0,555.0,703.0,401.0,179.0,201.0,504.0,436.0,140.0,102.0,56.0,558.0,318.0,215.0,103.0,353.0,206.0,197.0,298.0,0.0,543.0,138.0,130.0,265.0,164.0,270.0,242.0,217.0,76.0,192.0,224.0,43.0,101.0,42.0,77.0,154.0,195.0,59.0,225.0,203.0,291.0,46.0,16.0,459.0,210.0,126.0,242.0,371.0,156.0,207.0,453.0,344.0,170.0,54.0,26.0,93.0,60.0,119.0,31.0,98.0,512.0,201.0,496.0,213.0,293.0,24.0,62.0,86.0,47.0,265.0,247.0,112.0,193.0,324.0,180.0,287.0,178.0,206.0,274.0,41.0,438.0,216.0,119.0,93.0,110.0,105.0,155.0,105.0,85.0,80.0,238.0,176.0,74.0,140.0,215.0,99.0,132.0,181.0,102.0,201.0,131.0,68.0,100.0,232.0
44,2905.0,3357.0,385.0,970.0,2558.0,3826.0,3353.0,4013.0,885.0,2019.0,3297.0,731.0,1371.0,4507.0,1384.0,1217.0,1446.0,569.0,1359.0,1884.0,1069.0,2783.0,780.0,3797.0,5426.0,2624.0,1054.0,1426.0,3753.0,3321.0,983.0,722.0,518.0,4463.0,2420.0,1832.0,613.0,2546.0,1487.0,1432.0,2318.0,543.0,0.0,912.0,904.0,1528.0,1074.0,2286.0,1646.0,1584.0,444.0,1654.0,1721.0,304.0,727.0,321.0,557.0,973.0,1331.0,601.0,1367.0,1334.0,2438.0,313.0,93.0,3783.0,1465.0,791.0,1777.0,2483.0,1142.0,1678.0,3365.0,2127.0,1136.0,441.0,165.0,756.0,420.0,914.0,281.0,711.0,3539.0,1503.0,3894.0,1378.0,1835.0,185.0,371.0,905.0,432.0,2131.0,1805.0,727.0,1271.0,2209.0,1626.0,2170.0,1131.0,1626.0,1685.0,303.0,3545.0,1619.0,782.0,763.0,696.0,808.0,1098.0,775.0,620.0,601.0,1458.0,1137.0,493.0,948.0,1899.0,806.0,862.0,1247.0,782.0,1533.0,1071.0,546.0,635.0,1767.0
45,764.0,892.0,128.0,249.0,654.0,836.0,874.0,858.0,217.0,520.0,803.0,168.0,395.0,1248.0,347.0,327.0,339.0,145.0,384.0,490.0,269.0,819.0,201.0,1065.0,1422.0,676.0,295.0,348.0,938.0,956.0,282.0,185.0,128.0,1066.0,672.0,464.0,186.0,682.0,375.0,306.0,546.0,138.0,912.0,0.0,232.0,394.0,291.0,523.0,397.0,448.0,132.0,395.0,391.0,98.0,173.0,82.0,150.0,263.0,415.0,127.0,372.0,344.0,618.0,108.0,19.0,854.0,383.0,251.0,404.0,633.0,251.0,446.0,863.0,594.0,333.0,100.0,43.0,191.0,109.0,190.0,76.0,190.0,987.0,351.0,1029.0,388.0,520.0,47.0,104.0,183.0,125.0,539.0,430.0,142.0,346.0,638.0,368.0,488.0,315.0,416.0,476.0,79.0,879.0,447.0,219.0,197.0,209.0,199.0,314.0,241.0,165.0,113.0,362.0,319.0,148.0,241.0,472.0,190.0,261.0,365.0,234.0,438.0,229.0,162.0,264.0,459.0
46,654.0,888.0,99.0,218.0,604.0,789.0,848.0,808.0,198.0,489.0,947.0,165.0,355.0,1080.0,276.0,301.0,333.0,127.0,345.0,433.0,220.0,683.0,205.0,1057.0,1339.0,647.0,254.0,332.0,887.0,853.0,216.0,170.0,147.0,948.0,497.0,378.0,189.0,558.0,312.0,265.0,503.0,130.0,904.0,232.0,0.0,397.0,259.0,561.0,408.0,412.0,110.0,348.0,394.0,81.0,176.0,81.0,133.0,268.0,337.0,162.0,363.0,311.0,588.0,96.0,29.0,776.0,344.0,197.0,477.0,623.0,251.0,420.0,910.0,478.0,284.0,102.0,46.0,195.0,112.0,165.0,93.0,173.0,810.0,362.0,922.0,322.0,512.0,46.0,84.0,211.0,131.0,455.0,354.0,178.0,305.0,619.0,424.0,470.0,307.0,380.0,454.0,68.0,925.0,472.0,216.0,220.0,155.0,196.0,303.0,210.0,147.0,173.0,315.0,272.0,125.0,229.0,441.0,189.0,233.0,340.0,202.0,404.0,274.0,148.0,162.0,407.0
47,908.0,1616.0,156.0,466.0,988.0,1396.0,1191.0,1484.0,383.0,713.0,1171.0,321.0,533.0,1958.0,552.0,502.0,627.0,244.0,499.0,690.0,482.0,1245.0,278.0,1527.0,2074.0,1007.0,439.0,650.0,1379.0,1338.0,445.0,268.0,195.0,1836.0,1074.0,730.0,207.0,1057.0,692.0,484.0,890.0,265.0,1528.0,394.0,397.0,0.0,465.0,902.0,688.0,584.0,159.0,659.0,611.0,112.0,291.0,136.0,261.0,581.0,559.0,212.0,615.0,573.0,933.0,112.0,31.0,1318.0,615.0,347.0,662.0,985.0,432.0,542.0,1216.0,975.0,597.0,157.0,64.0,255.0,156.0,359.0,106.0,270.0,1533.0,629.0,1318.0,547.0,806.0,74.0,162.0,314.0,164.0,832.0,738.0,251.0,508.0,730.0,605.0,1184.0,405.0,611.0,648.0,121.0,1365.0,659.0,322.0,254.0,283.0,291.0,422.0,285.0,237.0,225.0,562.0,439.0,154.0,374.0,659.0,287.0,311.0,441.0,271.0,559.0,369.0,189.0,279.0,734.0
48,661.0,988.0,121.0,284.0,740.0,915.0,897.0,1060.0,257.0,475.0,816.0,248.0,359.0,1330.0,392.0,346.0,377.0,179.0,379.0,473.0,311.0,815.0,231.0,941.0,1385.0,743.0,334.0,388.0,929.0,824.0,309.0,170.0,139.0,1126.0,717.0,473.0,160.0,620.0,399.0,357.0,629.0,164.0,1074.0,291.0,259.0,465.0,0.0,624.0,455.0,398.0,99.0,435.0,438.0,90.0,211.0,111.0,161.0,263.0,367.0,160.0,456.0,360.0,649.0,99.0,26.0,879.0,399.0,220.0,470.0,645.0,350.0,447.0,847.0,585.0,337.0,114.0,56.0,163.0,111.0,289.0,86.0,178.0,992.0,471.0,964.0,399.0,534.0,72.0,92.0,178.0,113.0,559.0,496.0,173.0,342.0,583.0,428.0,496.0,361.0,416.0,439.0,83.0,902.0,456.0,216.0,192.0,234.0,194.0,304.0,205.0,158.0,141.0,389.0,335.0,123.0,247.0,394.0,192.0,262.0,375.0,216.0,397.0,214.0,152.0,211.0,462.0
49,1494.0,2267.0,263.0,647.0,1376.0,2170.0,1943.0,2085.0,511.0,1157.0,1824.0,397.0,907.0,2889.0,828.0,767.0,903.0,307.0,856.0,1102.0,549.0,1678.0,444.0,2375.0,3120.0,1518.0,682.0,864.0,2050.0,1972.0,584.0,404.0,283.0,2352.0,1496.0,1032.0,365.0,1566.0,833.0,643.0,1319.0,270.0,2286.0,523.0,561.0,902.0,624.0,0.0,1009.0,1031.0,253.0,882.0,1071.0,177.0,421.0,166.0,332.0,662.0,949.0,315.0,887.0,725.0,1463.0,191.0,61.0,2072.0,806.0,562.0,1068.0,1433.0,701.0,1069.0,1823.0,1467.0,852.0,259.0,107.0,461.0,230.0,519.0,176.0,386.0,2259.0,899.0,2134.0,875.0,1377.0,110.0,237.0,408.0,252.0,1319.0,1114.0,325.0,768.0,1520.0,1045.0,1171.0,790.0,870.0,1064.0,192.0,2177.0,1016.0,527.0,520.0,483.0,473.0,724.0,444.0,363.0,317.0,852.0,688.0,305.0,581.0,973.0,468.0,529.0,829.0,502.0,1067.0,622.0,352.0,453.0,1072.0
50,1174.0,2235.0,203.0,444.0,1220.0,1473.0,1516.0,1377.0,375.0,936.0,1461.0,340.0,630.0,2069.0,530.0,512.0,681.0,209.0,600.0,835.0,414.0,1201.0,330.0,1726.0,2375.0,1304.0,423.0,582.0,1744.0,1540.0,480.0,347.0,273.0,1744.0,988.0,832.0,283.0,1034.0,685.0,509.0,953.0,242.0,1646.0,397.0,408.0,688.0,455.0,1009.0,0.0,669.0,190.0,681.0,718.0,115.0,311.0,133.0,230.0,412.0,630.0,290.0,552.0,565.0,1143.0,156.0,40.0,1416.0,651.0,358.0,774.0,1086.0,432.0,660.0,1611.0,936.0,532.0,205.0,85.0,304.0,160.0,346.0,139.0,309.0,1540.0,747.0,1699.0,580.0,791.0,72.0,148.0,456.0,234.0,841.0,705.0,284.0,513.0,993.0,617.0,814.0,521.0,734.0,803.0,144.0,1442.0,835.0,313.0,355.0,274.0,350.0,573.0,397.0,296.0,326.0,550.0,561.0,194.0,423.0,830.0,349.0,400.0,566.0,366.0,652.0,491.0,229.0,259.0,686.0
51,1096.0,1537.0,186.0,452.0,1110.0,1380.0,1476.0,1701.0,404.0,948.0,1317.0,301.0,747.0,2286.0,580.0,645.0,799.0,229.0,643.0,860.0,383.0,1291.0,321.0,1752.0,2501.0,1133.0,470.0,651.0,1579.0,1764.0,380.0,311.0,241.0,1608.0,1023.0,742.0,352.0,1368.0,675.0,545.0,983.0,217.0,1584.0,448.0,412.0,584.0,398.0,1031.0,669.0,0.0,235.0,619.0,828.0,140.0,272.0,158.0,221.0,492.0,693.0,245.0,667.0,583.0,1084.0,150.0,38.0,1396.0,595.0,446.0,840.0,1073.0,527.0,793.0,1495.0,967.0,610.0,185.0,85.0,386.0,190.0,357.0,104.0,288.0,1770.0,650.0,1690.0,627.0,1029.0,62.0,151.0,358.0,195.0,881.0,789.0,248.0,589.0,1178.0,745.0,798.0,595.0,622.0,830.0,150.0,1520.0,706.0,457.0,400.0,371.0,363.0,608.0,368.0,275.0,238.0,690.0,565.0,281.0,426.0,770.0,380.0,425.0,653.0,378.0,857.0,465.0,215.0,356.0,861.0
52,302.0,391.0,45.0,143.0,293.0,403.0,390.0,402.0,97.0,229.0,365.0,98.0,173.0,591.0,186.0,152.0,186.0,65.0,166.0,222.0,104.0,324.0,87.0,508.0,608.0,316.0,127.0,170.0,425.0,430.0,108.0,93.0,64.0,440.0,312.0,229.0,87.0,330.0,154.0,128.0,273.0,76.0,444.0,132.0,110.0,159.0,99.0,253.0,190.0,235.0,0.0,169.0,193.0,41.0,80.0,29.0,81.0,138.0,185.0,71.0,183.0,147.0,254.0,45.0,10.0,391.0,158.0,126.0,193.0,280.0,165.0,197.0,378.0,264.0,141.0,46.0,23.0,97.0,45.0,110.0,33.0,70.0,431.0,171.0,422.0,168.0,216.0,25.0,40.0,94.0,57.0,242.0,201.0,87.0,179.0,291.0,201.0,208.0,163.0,171.0,208.0,55.0,420.0,173.0,107.0,100.0,109.0,92.0,142.0,103.0,70.0,76.0,203.0,168.0,55.0,117.0,216.0,103.0,124.0,178.0,100.0,205.0,133.0,69.0,88.0,232.0
53,1032.0,1421.0,156.0,436.0,1067.0,1212.0,1394.0,1401.0,390.0,800.0,1313.0,312.0,526.0,1776.0,496.0,507.0,645.0,234.0,565.0,727.0,417.0,1114.0,296.0,1493.0,2129.0,1145.0,480.0,531.0,1471.0,1316.0,438.0,311.0,229.0,1650.0,1024.0,704.0,238.0,984.0,634.0,498.0,944.0,192.0,1654.0,395.0,348.0,659.0,435.0,882.0,681.0,619.0,169.0,0.0,581.0,140.0,339.0,129.0,242.0,433.0,509.0,227.0,623.0,555.0,990.0,124.0,48.0,1463.0,621.0,333.0,698.0,1097.0,437.0,628.0,1266.0,900.0,436.0,169.0,63.0,290.0,158.0,352.0,129.0,311.0,1564.0,631.0,1397.0,564.0,790.0,83.0,139.0,282.0,143.0,838.0,639.0,265.0,452.0,843.0,707.0,826.0,420.0,667.0,653.0,114.0,1492.0,754.0,343.0,280.0,299.0,315.0,473.0,306.0,212.0,257.0,592.0,474.0,198.0,373.0,707.0,313.0,350.0,521.0,307.0,624.0,372.0,230.0,301.0,654.0
54,1075.0,1795.0,172.0,458.0,1061.0,1504.0,1550.0,1562.0,329.0,844.0,1402.0,237.0,612.0,2298.0,605.0,585.0,690.0,224.0,670.0,805.0,392.0,1196.0,357.0,1684.0,2355.0,1174.0,488.0,583.0,1469.0,1516.0,394.0,276.0,231.0,1537.0,1031.0,777.0,289.0,1067.0,701.0,482.0,1024.0,224.0,1721.0,391.0,394.0,611.0,438.0,1071.0,718.0,828.0,193.0,581.0,0.0,113.0,296.0,161.0,211.0,437.0,684.0,214.0,564.0,487.0,1101.0,127.0,36.0,1712.0,613.0,404.0,858.0,1076.0,502.0,731.0,1479.0,878.0,537.0,173.0,97.0,333.0,193.0,355.0,108.0,279.0,1753.0,654.0,1601.0,621.0,939.0,59.0,149.0,318.0,186.0,921.0,798.0,278.0,678.0,1035.0,672.0,773.0,525.0,617.0,729.0,137.0,1610.0,799.0,368.0,365.0,343.0,316.0,627.0,341.0,226.0,248.0,625.0,523.0,208.0,420.0,752.0,331.0,418.0,614.0,310.0,745.0,414.0,221.0,277.0,751.0
55,203.0,302.0,33.0,98.0,217.0,257.0,255.0,297.0,81.0,160.0,243.0,51.0,124.0,399.0,95.0,122.0,113.0,46.0,102.0,148.0,76.0,234.0,72.0,292.0,381.0,193.0,92.0,126.0,252.0,291.0,96.0,62.0,54.0,331.0,197.0,155.0,61.0,194.0,136.0,96.0,169.0,43.0,304.0,98.0,81.0,112.0,90.0,177.0,115.0,140.0,41.0,140.0,113.0,0.0,67.0,34.0,44.0,94.0,112.0,54.0,151.0,108.0,209.0,29.0,7.0,230.0,108.0,65.0,143.0,214.0,85.0,143.0,249.0,169.0,97.0,28.0,16.0,55.0,40.0,62.0,17.0,66.0,296.0,129.0,304.0,90.0,160.0,19.0,35.0,60.0,39.0,170.0,128.0,50.0,101.0,189.0,113.0,129.0,111.0,124.0,157.0,30.0,313.0,108.0,92.0,65.0,71.0,61.0,94.0,63.0,58.0,43.0,118.0,92.0,45.0,79.0,135.0,60.0,70.0,128.0,62.0,141.0,78.0,44.0,71.0,129.0
56,457.0,711.0,79.0,197.0,506.0,645.0,611.0,696.0,157.0,334.0,616.0,160.0,282.0,891.0,248.0,231.0,283.0,103.0,248.0,310.0,209.0,530.0,138.0,698.0,978.0,519.0,275.0,257.0,640.0,617.0,238.0,135.0,92.0,802.0,451.0,296.0,116.0,450.0,287.0,229.0,425.0,101.0,727.0,173.0,176.0,291.0,211.0,421.0,311.0,272.0,80.0,339.0,296.0,67.0,0.0,58.0,110.0,244.0,222.0,125.0,341.0,275.0,445.0,52.0,15.0,576.0,247.0,156.0,316.0,474.0,212.0,255.0,614.0,480.0,213.0,99.0,38.0,143.0,75.0,167.0,54.0,130.0,645.0,337.0,611.0,255.0,356.0,31.0,88.0,129.0,87.0,397.0,326.0,140.0,220.0,387.0,286.0,384.0,212.0,282.0,327.0,68.0,644.0,324.0,127.0,153.0,121.0,143.0,214.0,157.0,107.0,112.0,259.0,208.0,83.0,172.0,359.0,158.0,156.0,212.0,138.0,264.0,211.0,83.0,119.0,345.0
57,195.0,313.0,32.0,81.0,219.0,290.0,299.0,293.0,72.0,175.0,258.0,48.0,101.0,413.0,113.0,100.0,112.0,52.0,122.0,174.0,101.0,259.0,68.0,326.0,482.0,213.0,93.0,121.0,321.0,291.0,87.0,67.0,44.0,335.0,238.0,150.0,58.0,225.0,133.0,95.0,206.0,42.0,321.0,82.0,81.0,136.0,111.0,166.0,133.0,158.0,29.0,129.0,161.0,34.0,58.0,0.0,55.0,92.0,124.0,38.0,147.0,111.0,202.0,36.0,7.0,245.0,116.0,85.0,144.0,221.0,109.0,135.0,260.0,200.0,119.0,39.0,22.0,80.0,34.0,80.0,24.0,51.0,317.0,149.0,306.0,96.0,149.0,22.0,40.0,73.0,46.0,182.0,159.0,77.0,113.0,203.0,159.0,168.0,100.0,127.0,160.0,29.0,270.0,161.0,67.0,66.0,69.0,80.0,117.0,75.0,60.0,36.0,114.0,106.0,44.0,75.0,144.0,53.0,70.0,107.0,76.0,137.0,88.0,45.0,79.0,134.0
58,317.0,483.0,50.0,154.0,376.0,469.0,469.0,529.0,141.0,279.0,444.0,112.0,185.0,763.0,208.0,196.0,170.0,84.0,177.0,256.0,187.0,453.0,122.0,516.0,675.0,382.0,174.0,188.0,570.0,469.0,171.0,129.0,91.0,566.0,386.0,280.0,73.0,402.0,239.0,190.0,345.0,77.0,557.0,150.0,133.0,261.0,161.0,332.0,230.0,221.0,81.0,242.0,211.0,44.0,110.0,55.0,0.0,179.0,186.0,99.0,239.0,194.0,319.0,39.0,18.0,453.0,208.0,133.0,245.0,361.0,160.0,224.0,454.0,331.0,152.0,59.0,27.0,103.0,55.0,113.0,41.0,100.0,558.0,227.0,464.0,189.0,297.0,30.0,74.0,107.0,63.0,312.0,239.0,92.0,158.0,279.0,225.0,301.0,135.0,250.0,231.0,46.0,496.0,251.0,124.0,126.0,120.0,91.0,166.0,117.0,81.0,77.0,227.0,164.0,61.0,147.0,228.0,102.0,105.0,140.0,106.0,227.0,111.0,96.0,101.0,252.0
59,753.0,942.0,110.0,293.0,709.0,912.0,933.0,960.0,227.0,529.0,884.0,176.0,380.0,1378.0,373.0,355.0,388.0,181.0,407.0,502.0,317.0,723.0,221.0,1105.0,1360.0,698.0,324.0,378.0,914.0,911.0,305.0,168.0,139.0,1065.0,735.0,454.0,142.0,716.0,427.0,350.0,611.0,154.0,973.0,263.0,268.0,581.0,263.0,662.0,412.0,492.0,138.0,433.0,437.0,94.0,244.0,92.0,179.0,0.0,402.0,147.0,447.0,377.0,630.0,102.0,31.0,874.0,402.0,229.0,501.0,731.0,270.0,492.0,854.0,680.0,386.0,127.0,48.0,186.0,139.0,238.0,67.0,183.0,1020.0,443.0,1002.0,365.0,552.0,58.0,92.0,188.0,118.0,545.0,471.0,198.0,353.0,589.0,431.0,542.0,296.0,410.0,452.0,79.0,931.0,465.0,262.0,212.0,215.0,196.0,313.0,196.0,190.0,161.0,421.0,339.0,132.0,260.0,419.0,202.0,243.0,369.0,208.0,445.0,248.0,164.0,166.0,481.0
60,870.0,1436.0,153.0,471.0,919.0,1262.0,1252.0,1299.0,263.0,669.0,1114.0,242.0,520.0,1903.0,566.0,491.0,579.0,204.0,529.0,731.0,355.0,1087.0,270.0,1484.0,1964.0,962.0,469.0,573.0,1457.0,1430.0,336.0,259.0,197.0,1479.0,918.0,696.0,267.0,1045.0,565.0,425.0,901.0,195.0,1331.0,415.0,337.0,559.0,367.0,949.0,630.0,693.0,185.0,509.0,684.0,112.0,222.0,124.0,186.0,402.0,0.0,216.0,510.0,413.0,962.0,118.0,27.0,1263.0,576.0,390.0,642.0,833.0,424.0,643.0,1184.0,949.0,471.0,159.0,79.0,337.0,149.0,289.0,108.0,217.0,1280.0,527.0,1439.0,563.0,794.0,65.0,119.0,241.0,164.0,707.0,705.0,240.0,545.0,970.0,627.0,761.0,419.0,594.0,664.0,127.0,1433.0,557.0,361.0,302.0,302.0,278.0,476.0,387.0,224.0,230.0,586.0,435.0,213.0,378.0,631.0,293.0,330.0,605.0,300.0,760.0,321.0,216.0,254.0,716.0
61,420.0,485.0,73.0,127.0,386.0,569.0,580.0,449.0,113.0,313.0,552.0,93.0,233.0,826.0,175.0,170.0,214.0,103.0,229.0,274.0,163.0,398.0,101.0,573.0,747.0,401.0,165.0,200.0,564.0,544.0,152.0,107.0,113.0,573.0,346.0,213.0,127.0,341.0,220.0,139.0,347.0,59.0,601.0,127.0,162.0,212.0,160.0,315.0,290.0,245.0,71.0,227.0,214.0,54.0,125.0,38.0,99.0,147.0,216.0,0.0,226.0,187.0,334.0,57.0,17.0,495.0,204.0,115.0,286.0,347.0,142.0,284.0,618.0,306.0,147.0,80.0,32.0,122.0,89.0,113.0,55.0,102.0,561.0,233.0,602.0,175.0,268.0,23.0,65.0,173.0,109.0,263.0,284.0,98.0,174.0,371.0,243.0,337.0,188.0,247.0,287.0,64.0,579.0,288.0,104.0,139.0,81.0,133.0,194.0,134.0,109.0,162.0,207.0,199.0,85.0,162.0,347.0,94.0,136.0,237.0,114.0,244.0,199.0,85.0,88.0,246.0
62,923.0,1339.0,178.0,463.0,959.0,1293.0,1291.0,1320.0,401.0,760.0,1145.0,317.0,496.0,1877.0,553.0,534.0,655.0,237.0,531.0,758.0,415.0,1258.0,275.0,1455.0,2100.0,972.0,630.0,575.0,1408.0,1411.0,504.0,259.0,183.0,1550.0,1040.0,670.0,273.0,1091.0,666.0,504.0,870.0,225.0,1367.0,372.0,363.0,615.0,456.0,887.0,552.0,667.0,183.0,623.0,564.0,151.0,341.0,147.0,239.0,447.0,510.0,226.0,0.0,528.0,964.0,144.0,47.0,1308.0,627.0,384.0,690.0,1013.0,472.0,640.0,1194.0,905.0,500.0,164.0,61.0,314.0,156.0,315.0,130.0,289.0,1599.0,604.0,1349.0,550.0,1048.0,80.0,131.0,262.0,186.0,906.0,758.0,291.0,473.0,926.0,578.0,750.0,493.0,576.0,692.0,120.0,1460.0,628.0,352.0,332.0,328.0,335.0,511.0,315.0,227.0,187.0,605.0,501.0,228.0,336.0,669.0,318.0,362.0,496.0,310.0,652.0,369.0,235.0,277.0,726.0
63,840.0,1226.0,146.0,415.0,820.0,1146.0,1100.0,1203.0,318.0,614.0,1075.0,244.0,468.0,1773.0,496.0,456.0,561.0,199.0,504.0,604.0,383.0,984.0,231.0,1201.0,1791.0,860.0,418.0,496.0,1277.0,1189.0,395.0,242.0,150.0,1446.0,842.0,599.0,185.0,800.0,514.0,491.0,794.0,203.0,1334.0,344.0,311.0,573.0,360.0,725.0,565.0,583.0,147.0,555.0,487.0,108.0,275.0,111.0,194.0,377.0,413.0,187.0,528.0,0.0,884.0,101.0,28.0,1052.0,580.0,259.0,625.0,842.0,383.0,589.0,1097.0,721.0,404.0,139.0,70.0,248.0,154.0,299.0,98.0,250.0,1219.0,581.0,1181.0,439.0,644.0,78.0,135.0,252.0,124.0,752.0,612.0,243.0,445.0,756.0,517.0,628.0,402.0,509.0,662.0,110.0,1279.0,576.0,270.0,228.0,247.0,240.0,424.0,264.0,228.0,192.0,497.0,406.0,159.0,287.0,604.0,258.0,284.0,437.0,261.0,499.0,283.0,165.0,202.0,622.0
64,1649.0,2299.0,243.0,667.0,1808.0,2137.0,2193.0,2362.0,549.0,1309.0,2080.0,435.0,913.0,3302.0,854.0,823.0,1028.0,371.0,872.0,1254.0,713.0,1801.0,506.0,2488.0,3516.0,1924.0,750.0,984.0,2565.0,2393.0,602.0,445.0,325.0,2743.0,1581.0,1229.0,383.0,1700.0,1012.0,789.0,1373.0,291.0,2438.0,618.0,588.0,933.0,649.0,1463.0,1143.0,1084.0,254.0,990.0,1101.0,209.0,445.0,202.0,319.0,630.0,962.0,334.0,964.0,884.0,0.0,180.0,47.0,1998.0,957.0,547.0,1131.0,1601.0,745.0,1066.0,2085.0,1451.0,815.0,241.0,108.0,491.0,219.0,530.0,137.0,441.0,2397.0,1017.0,2641.0,1016.0,1302.0,112.0,259.0,487.0,250.0,1340.0,1062.0,421.0,865.0,1554.0,1007.0,1184.0,784.0,1012.0,1207.0,208.0,2440.0,1076.0,583.0,566.0,516.0,490.0,825.0,527.0,390.0,349.0,885.0,740.0,329.0,724.0,1203.0,508.0,600.0,864.0,515.0,1097.0,628.0,346.0,437.0,1101.0
65,254.0,278.0,43.0,94.0,192.0,305.0,278.0,273.0,75.0,204.0,264.0,57.0,144.0,415.0,110.0,113.0,145.0,39.0,149.0,180.0,84.0,270.0,67.0,358.0,466.0,205.0,91.0,126.0,322.0,317.0,80.0,44.0,48.0,327.0,185.0,144.0,84.0,242.0,108.0,109.0,173.0,46.0,313.0,108.0,96.0,112.0,99.0,191.0,156.0,150.0,45.0,124.0,127.0,29.0,52.0,36.0,39.0,102.0,118.0,57.0,144.0,101.0,180.0,0.0,10.0,258.0,95.0,85.0,143.0,214.0,95.0,160.0,282.0,161.0,104.0,29.0,18.0,99.0,37.0,70.0,31.0,52.0,320.0,147.0,319.0,105.0,188.0,11.0,38.0,83.0,48.0,183.0,156.0,50.0,91.0,225.0,145.0,157.0,140.0,112.0,165.0,35.0,298.0,166.0,85.0,94.0,64.0,87.0,102.0,67.0,70.0,57.0,138.0,97.0,48.0,98.0,157.0,63.0,85.0,144.0,84.0,173.0,103.0,62.0,63.0,167.0
66,65.0,85.0,13.0,28.0,69.0,97.0,99.0,75.0,24.0,46.0,72.0,17.0,39.0,153.0,32.0,37.0,25.0,19.0,27.0,52.0,27.0,72.0,13.0,102.0,123.0,68.0,22.0,48.0,83.0,91.0,21.0,23.0,14.0,96.0,59.0,49.0,15.0,58.0,38.0,26.0,49.0,16.0,93.0,19.0,29.0,31.0,26.0,61.0,40.0,38.0,10.0,48.0,36.0,7.0,15.0,7.0,18.0,31.0,27.0,17.0,47.0,28.0,47.0,10.0,0.0,78.0,34.0,20.0,39.0,53.0,36.0,44.0,83.0,45.0,17.0,13.0,5.0,18.0,9.0,21.0,7.0,25.0,89.0,43.0,91.0,31.0,46.0,6.0,9.0,21.0,14.0,50.0,43.0,17.0,27.0,54.0,42.0,46.0,32.0,35.0,39.0,12.0,92.0,37.0,23.0,24.0,19.0,26.0,34.0,32.0,21.0,17.0,41.0,29.0,10.0,23.0,40.0,19.0,18.0,29.0,24.0,41.0,21.0,19.0,26.0,34.0
67,2472.0,3096.0,366.0,950.0,2115.0,3461.0,2907.0,3473.0,684.0,1887.0,2818.0,564.0,1269.0,3927.0,1168.0,1106.0,1406.0,434.0,1187.0,1685.0,767.0,2409.0,612.0,3462.0,4643.0,2177.0,1012.0,1293.0,3087.0,3164.0,916.0,633.0,529.0,4080.0,2342.0,1506.0,538.0,2270.0,1336.0,1026.0,2053.0,459.0,3783.0,854.0,776.0,1318.0,879.0,2072.0,1416.0,1396.0,391.0,1463.0,1712.0,230.0,576.0,245.0,453.0,874.0,1263.0,495.0,1308.0,1052.0,1998.0,258.0,78.0,0.0,1298.0,815.0,1569.0,2174.0,904.0,1387.0,2732.0,2004.0,1027.0,382.0,137.0,631.0,323.0,665.0,214.0,592.0,3158.0,1321.0,3176.0,1243.0,1790.0,130.0,298.0,670.0,383.0,1866.0,1682.0,491.0,1052.0,2004.0,1315.0,1569.0,937.0,1334.0,1501.0,260.0,3080.0,1446.0,749.0,686.0,637.0,687.0,1054.0,735.0,494.0,514.0,1299.0,1006.0,458.0,845.0,1548.0,645.0,727.0,1156.0,697.0,1417.0,873.0,476.0,609.0,1634.0
68,1075.0,1327.0,171.0,337.0,984.0,1240.0,1232.0,1388.0,311.0,571.0,1134.0,270.0,560.0,1856.0,451.0,474.0,609.0,220.0,515.0,703.0,394.0,1154.0,274.0,1431.0,2010.0,1008.0,447.0,508.0,1466.0,1329.0,395.0,257.0,188.0,1627.0,905.0,716.0,254.0,1014.0,602.0,465.0,920.0,210.0,1465.0,383.0,344.0,615.0,399.0,806.0,651.0,595.0,158.0,621.0,613.0,108.0,247.0,116.0,208.0,402.0,576.0,204.0,627.0,580.0,957.0,95.0,34.0,1298.0,0.0,332.0,658.0,966.0,406.0,584.0,1171.0,920.0,508.0,151.0,74.0,262.0,152.0,305.0,85.0,259.0,1465.0,621.0,1450.0,551.0,761.0,61.0,154.0,325.0,163.0,674.0,772.0,214.0,495.0,856.0,553.0,693.0,450.0,550.0,819.0,96.0,1330.0,666.0,342.0,286.0,283.0,272.0,469.0,351.0,217.0,207.0,482.0,442.0,199.0,364.0,639.0,318.0,314.0,523.0,326.0,563.0,366.0,211.0,269.0,686.0
69,638.0,865.0,87.0,252.0,561.0,710.0,756.0,852.0,152.0,506.0,642.0,155.0,392.0,1073.0,341.0,314.0,404.0,148.0,354.0,451.0,194.0,688.0,161.0,907.0,1178.0,569.0,263.0,367.0,773.0,837.0,216.0,173.0,116.0,857.0,610.0,390.0,160.0,714.0,341.0,298.0,618.0,126.0,791.0,251.0,197.0,347.0,220.0,562.0,358.0,446.0,126.0,333.0,404.0,65.0,156.0,85.0,133.0,229.0,390.0,115.0,384.0,259.0,547.0,85.0,20.0,815.0,332.0,0.0,369.0,586.0,295.0,448.0,772.0,564.0,319.0,110.0,50.0,185.0,92.0,177.0,66.0,135.0,904.0,370.0,878.0,353.0,525.0,46.0,99.0,169.0,108.0,490.0,516.0,112.0,328.0,605.0,437.0,470.0,318.0,326.0,476.0,77.0,802.0,381.0,234.0,176.0,207.0,177.0,325.0,197.0,128.0,100.0,383.0,266.0,141.0,221.0,346.0,200.0,240.0,346.0,217.0,439.0,227.0,116.0,176.0,526.0
70,1230.0,2133.0,198.0,409.0,1164.0,1582.0,1592.0,1757.0,374.0,988.0,1528.0,343.0,702.0,2443.0,603.0,593.0,728.0,251.0,699.0,836.0,435.0,1247.0,328.0,1811.0,2358.0,1147.0,488.0,726.0,1658.0,1616.0,440.0,341.0,248.0,1801.0,1031.0,840.0,316.0,1085.0,545.0,574.0,994.0,242.0,1777.0,404.0,477.0,662.0,470.0,1068.0,774.0,840.0,193.0,698.0,858.0,143.0,316.0,144.0,245.0,501.0,642.0,286.0,690.0,625.0,1131.0,143.0,39.0,1569.0,658.0,369.0,0.0,1212.0,499.0,854.0,1508.0,870.0,586.0,212.0,71.0,349.0,218.0,396.0,130.0,298.0,1604.0,803.0,1872.0,574.0,911.0,91.0,171.0,403.0,211.0,1013.0,804.0,347.0,656.0,1204.0,942.0,885.0,626.0,663.0,789.0,152.0,1835.0,805.0,420.0,426.0,318.0,345.0,738.0,389.0,268.0,309.0,665.0,510.0,240.0,461.0,791.0,372.0,447.0,697.0,377.0,751.0,573.0,231.0,306.0,826.0
71,1554.0,2442.0,269.0,827.0,1657.0,1995.0,2268.0,2296.0,548.0,1381.0,2079.0,514.0,1007.0,2865.0,848.0,791.0,1001.0,389.0,945.0,1313.0,724.0,1898.0,545.0,2431.0,3671.0,1750.0,751.0,1013.0,2503.0,2305.0,641.0,518.0,337.0,2732.0,1762.0,1115.0,387.0,1587.0,999.0,880.0,1561.0,371.0,2483.0,633.0,623.0,985.0,645.0,1433.0,1086.0,1073.0,280.0,1097.0,1076.0,214.0,474.0,221.0,361.0,731.0,833.0,347.0,1013.0,842.0,1601.0,214.0,53.0,2174.0,966.0,586.0,1212.0,0.0,746.0,1096.0,2186.0,1435.0,814.0,269.0,105.0,448.0,267.0,579.0,198.0,430.0,2417.0,1044.0,2467.0,960.0,1334.0,107.0,224.0,519.0,269.0,1374.0,1212.0,440.0,897.0,1519.0,1134.0,1350.0,815.0,1043.0,1161.0,190.0,2523.0,1175.0,600.0,525.0,530.0,506.0,763.0,510.0,369.0,369.0,981.0,770.0,334.0,635.0,1226.0,547.0,579.0,927.0,524.0,1099.0,635.0,350.0,423.0,1099.0
72,707.0,1011.0,115.0,308.0,718.0,996.0,886.0,1085.0,282.0,546.0,913.0,200.0,428.0,1376.0,407.0,415.0,462.0,167.0,410.0,523.0,317.0,870.0,218.0,1028.0,1580.0,757.0,326.0,405.0,997.0,1055.0,273.0,273.0,138.0,1160.0,687.0,519.0,210.0,784.0,451.0,388.0,626.0,156.0,1142.0,251.0,251.0,432.0,350.0,701.0,432.0,527.0,165.0,437.0,502.0,85.0,212.0,109.0,160.0,270.0,424.0,142.0,472.0,383.0,745.0,95.0,36.0,904.0,406.0,295.0,499.0,746.0,0.0,484.0,934.0,649.0,394.0,126.0,54.0,237.0,106.0,248.0,97.0,190.0,1049.0,475.0,1124.0,434.0,608.0,34.0,102.0,194.0,132.0,593.0,510.0,181.0,390.0,745.0,430.0,523.0,372.0,390.0,515.0,102.0,1005.0,430.0,283.0,233.0,230.0,218.0,340.0,256.0,170.0,130.0,467.0,317.0,184.0,297.0,465.0,256.0,250.0,432.0,216.0,542.0,271.0,160.0,233.0,527.0
73,1101.0,1479.0,174.0,472.0,1068.0,1492.0,1368.0,1482.0,351.0,876.0,1408.0,271.0,652.0,1913.0,590.0,528.0,700.0,226.0,612.0,828.0,389.0,1182.0,304.0,1709.0,2173.0,1136.0,445.0,593.0,1479.0,1445.0,393.0,289.0,232.0,1632.0,1037.0,723.0,333.0,1076.0,581.0,507.0,903.0,207.0,1678.0,446.0,420.0,542.0,447.0,1069.0,660.0,793.0,197.0,628.0,731.0,143.0,255.0,135.0,224.0,492.0,643.0,284.0,640.0,589.0,1066.0,160.0,44.0,1387.0,584.0,448.0,854.0,1096.0,484.0,0.0,1413.0,875.0,510.0,187.0,79.0,339.0,153.0,337.0,135.0,296.0,1602.0,637.0,1603.0,609.0,903.0,89.0,161.0,297.0,185.0,902.0,690.0,232.0,542.0,1132.0,794.0,787.0,572.0,590.0,810.0,144.0,1529.0,675.0,360.0,350.0,312.0,347.0,577.0,385.0,267.0,205.0,721.0,471.0,253.0,400.0,741.0,316.0,366.0,625.0,359.0,766.0,467.0,243.0,306.0,696.0
74,2490.0,3142.0,363.0,742.0,2200.0,2892.0,3101.0,2980.0,706.0,1826.0,3192.0,609.0,1445.0,3843.0,1008.0,1087.0,1365.0,442.0,1278.0,1701.0,849.0,2396.0,645.0,3874.0,4785.0,2350.0,965.0,1065.0,3366.0,3096.0,855.0,620.0,500.0,3619.0,2000.0,1510.0,637.0,2293.0,1190.0,952.0,1902.0,453.0,3365.0,863.0,910.0,1216.0,847.0,1823.0,1611.0,1495.0,378.0,1266.0,1479.0,249.0,614.0,260.0,454.0,854.0,1184.0,618.0,1194.0,1097.0,2085.0,282.0,83.0,2732.0,1171.0,772.0,1508.0,2186.0,934.0,1413.0,0.0,1737.0,1086.0,375.0,172.0,622.0,373.0,670.0,265.0,588.0,3108.0,1346.0,3479.0,1224.0,1677.0,151.0,349.0,806.0,461.0,1600.0,1226.0,494.0,1102.0,2108.0,1421.0,1635.0,1070.0,1295.0,1607.0,230.0,3175.0,1619.0,735.0,751.0,602.0,723.0,1125.0,741.0,570.0,593.0,1129.0,1059.0,493.0,852.0,1636.0,785.0,745.0,1246.0,664.0,1425.0,965.0,451.0,565.0,1487.0
75,1532.0,2011.0,215.0,712.0,1563.0,1977.0,1962.0,2306.0,561.0,942.0,1767.0,431.0,768.0,2815.0,924.0,760.0,857.0,317.0,824.0,1053.0,649.0,1798.0,452.0,2228.0,3259.0,1555.0,667.0,928.0,2410.0,2221.0,625.0,529.0,248.0,2459.0,1456.0,1091.0,328.0,1588.0,979.0,680.0,1535.0,344.0,2127.0,594.0,478.0,975.0,585.0,1467.0,936.0,967.0,264.0,900.0,878.0,169.0,480.0,200.0,331.0,680.0,949.0,306.0,905.0,721.0,1451.0,161.0,45.0,2004.0,920.0,564.0,870.0,1435.0,649.0,875.0,1737.0,0.0,720.0,253.0,95.0,404.0,238.0,528.0,148.0,352.0,2329.0,926.0,2181.0,822.0,1293.0,110.0,181.0,354.0,215.0,1255.0,1238.0,397.0,817.0,1338.0,787.0,1118.0,579.0,917.0,1005.0,161.0,2092.0,957.0,504.0,451.0,478.0,410.0,638.0,485.0,351.0,312.0,972.0,647.0,317.0,543.0,937.0,464.0,476.0,700.0,433.0,916.0,494.0,330.0,380.0,1128.0
76,854.0,1232.0,143.0,364.0,762.0,1126.0,1086.0,1138.0,268.0,630.0,1018.0,232.0,506.0,1618.0,456.0,404.0,497.0,180.0,451.0,605.0,307.0,953.0,228.0,1419.0,1672.0,792.0,337.0,524.0,1119.0,1228.0,294.0,192.0,170.0,1337.0,908.0,584.0,183.0,926.0,544.0,396.0,729.0,170.0,1136.0,333.0,284.0,597.0,337.0,852.0,532.0,610.0,141.0,436.0,537.0,97.0,213.0,119.0,152.0,386.0,471.0,147.0,500.0,404.0,815.0,104.0,17.0,1027.0,508.0,319.0,586.0,814.0,394.0,510.0,1086.0,720.0,0.0,121.0,56.0,244.0,140.0,250.0,84.0,211.0,1285.0,508.0,1043.0,485.0,683.0,57.0,114.0,225.0,131.0,684.0,641.0,200.0,430.0,782.0,540.0,614.0,423.0,477.0,709.0,87.0,1379.0,473.0,316.0,281.0,231.0,251.0,367.0,276.0,208.0,158.0,476.0,391.0,157.0,268.0,564.0,251.0,273.0,450.0,270.0,531.0,336.0,183.0,255.0,625.0
77,290.0,410.0,49.0,130.0,300.0,374.0,419.0,371.0,89.0,248.0,329.0,76.0,174.0,626.0,147.0,177.0,173.0,54.0,182.0,233.0,104.0,318.0,85.0,481.0,603.0,294.0,117.0,168.0,418.0,414.0,115.0,75.0,66.0,427.0,295.0,215.0,93.0,277.0,189.0,127.0,269.0,54.0,441.0,100.0,102.0,157.0,114.0,259.0,205.0,185.0,46.0,169.0,173.0,28.0,99.0,39.0,59.0,127.0,159.0,80.0,164.0,139.0,241.0,29.0,13.0,382.0,151.0,110.0,212.0,269.0,126.0,187.0,375.0,253.0,121.0,0.0,26.0,99.0,62.0,95.0,38.0,84.0,412.0,180.0,413.0,152.0,213.0,22.0,43.0,114.0,60.0,213.0,190.0,98.0,160.0,264.0,197.0,191.0,122.0,184.0,196.0,40.0,463.0,184.0,81.0,101.0,74.0,91.0,133.0,103.0,94.0,80.0,166.0,129.0,57.0,113.0,249.0,86.0,102.0,176.0,89.0,174.0,130.0,55.0,82.0,191.0
78,116.0,163.0,11.0,41.0,100.0,148.0,165.0,163.0,42.0,126.0,150.0,38.0,70.0,257.0,67.0,59.0,66.0,21.0,72.0,90.0,49.0,123.0,30.0,198.0,222.0,114.0,57.0,67.0,190.0,180.0,45.0,40.0,34.0,186.0,110.0,80.0,41.0,106.0,77.0,57.0,104.0,26.0,165.0,43.0,46.0,64.0,56.0,107.0,85.0,85.0,23.0,63.0,97.0,16.0,38.0,22.0,27.0,48.0,79.0,32.0,61.0,70.0,108.0,18.0,5.0,137.0,74.0,50.0,71.0,105.0,54.0,79.0,172.0,95.0,56.0,26.0,0.0,35.0,23.0,34.0,15.0,39.0,155.0,64.0,169.0,55.0,80.0,9.0,10.0,37.0,30.0,89.0,69.0,28.0,64.0,122.0,71.0,94.0,70.0,64.0,84.0,14.0,162.0,75.0,34.0,44.0,33.0,39.0,69.0,28.0,27.0,32.0,67.0,65.0,38.0,63.0,84.0,48.0,52.0,74.0,47.0,88.0,38.0,26.0,31.0,79.0
79,506.0,639.0,98.0,185.0,431.0,667.0,665.0,523.0,132.0,433.0,557.0,127.0,370.0,945.0,216.0,275.0,350.0,95.0,287.0,384.0,182.0,561.0,140.0,764.0,989.0,511.0,188.0,301.0,622.0,749.0,182.0,154.0,120.0,725.0,435.0,323.0,173.0,520.0,251.0,224.0,374.0,93.0,756.0,191.0,195.0,255.0,163.0,461.0,304.0,386.0,97.0,290.0,333.0,55.0,143.0,80.0,103.0,186.0,337.0,122.0,314.0,248.0,491.0,99.0,18.0,631.0,262.0,185.0,349.0,448.0,237.0,339.0,622.0,404.0,244.0,99.0,35.0,0.0,93.0,122.0,58.0,118.0,727.0,286.0,764.0,305.0,378.0,37.0,67.0,160.0,83.0,375.0,289.0,105.0,232.0,547.0,314.0,356.0,277.0,300.0,377.0,68.0,685.0,314.0,173.0,198.0,172.0,166.0,290.0,157.0,127.0,100.0,283.0,238.0,124.0,229.0,385.0,189.0,160.0,306.0,165.0,361.0,233.0,98.0,150.0,356.0
80,271.0,385.0,44.0,113.0,240.0,312.0,343.0,339.0,86.0,214.0,367.0,91.0,155.0,554.0,134.0,142.0,178.0,48.0,147.0,188.0,103.0,302.0,82.0,463.0,545.0,297.0,140.0,174.0,366.0,355.0,108.0,92.0,63.0,407.0,243.0,186.0,74.0,274.0,132.0,108.0,267.0,60.0,420.0,109.0,112.0,156.0,111.0,230.0,160.0,190.0,45.0,158.0,193.0,40.0,75.0,34.0,55.0,139.0,149.0,89.0,156.0,154.0,219.0,37.0,9.0,323.0,152.0,92.0,218.0,267.0,106.0,153.0,373.0,238.0,140.0,62.0,23.0,93.0,0.0,87.0,30.0,69.0,349.0,176.0,412.0,152.0,215.0,20.0,39.0,85.0,55.0,192.0,168.0,73.0,142.0,272.0,163.0,220.0,132.0,162.0,180.0,39.0,375.0,202.0,83.0,107.0,65.0,92.0,147.0,112.0,80.0,62.0,165.0,129.0,71.0,92.0,185.0,79.0,115.0,130.0,73.0,161.0,122.0,62.0,86.0,196.0
81,505.0,837.0,107.0,217.0,577.0,660.0,911.0,819.0,208.0,366.0,636.0,181.0,248.0,1198.0,299.0,271.0,321.0,225.0,270.0,412.0,236.0,583.0,194.0,710.0,1160.0,619.0,256.0,326.0,801.0,687.0,227.0,138.0,123.0,897.0,529.0,403.0,125.0,530.0,303.0,292.0,529.0,119.0,914.0,190.0,165.0,359.0,289.0,519.0,346.0,357.0,110.0,352.0,355.0,62.0,167.0,80.0,113.0,238.0,289.0,113.0,315.0,299.0,530.0,70.0,21.0,665.0,305.0,177.0,396.0,579.0,248.0,337.0,670.0,528.0,250.0,95.0,34.0,122.0,87.0,0.0,68.0,133.0,829.0,338.0,759.0,324.0,443.0,39.0,85.0,179.0,90.0,450.0,475.0,174.0,292.0,429.0,356.0,458.0,248.0,361.0,344.0,62.0,850.0,344.0,193.0,198.0,161.0,188.0,235.0,178.0,136.0,133.0,327.0,248.0,86.0,210.0,351.0,151.0,174.0,281.0,175.0,313.0,191.0,126.0,121.0,333.0
82,246.0,207.0,32.0,68.0,200.0,256.0,254.0,225.0,54.0,158.0,237.0,38.0,95.0,364.0,91.0,102.0,103.0,60.0,111.0,152.0,79.0,204.0,48.0,285.0,373.0,216.0,87.0,98.0,241.0,214.0,76.0,74.0,53.0,281.0,178.0,111.0,57.0,193.0,106.0,96.0,191.0,31.0,281.0,76.0,93.0,106.0,86.0,176.0,139.0,104.0,33.0,129.0,108.0,17.0,54.0,24.0,41.0,67.0,108.0,55.0,130.0,98.0,137.0,31.0,7.0,214.0,85.0,66.0,130.0,198.0,97.0,135.0,265.0,148.0,84.0,38.0,15.0,58.0,30.0,68.0,0.0,59.0,287.0,123.0,269.0,113.0,166.0,16.0,26.0,80.0,42.0,122.0,121.0,62.0,90.0,178.0,141.0,147.0,84.0,107.0,124.0,28.0,288.0,136.0,67.0,61.0,65.0,66.0,112.0,70.0,54.0,75.0,101.0,86.0,53.0,79.0,162.0,61.0,59.0,109.0,64.0,106.0,96.0,44.0,72.0,118.0
83,437.0,650.0,69.0,159.0,468.0,588.0,605.0,640.0,155.0,332.0,570.0,138.0,238.0,945.0,214.0,210.0,245.0,102.0,239.0,355.0,187.0,534.0,143.0,684.0,986.0,492.0,225.0,256.0,688.0,629.0,195.0,126.0,122.0,692.0,432.0,318.0,131.0,415.0,244.0,216.0,409.0,98.0,711.0,190.0,173.0,270.0,178.0,386.0,309.0,288.0,70.0,311.0,279.0,66.0,130.0,51.0,100.0,183.0,217.0,102.0,289.0,250.0,441.0,52.0,25.0,592.0,259.0,135.0,298.0,430.0,190.0,296.0,588.0,352.0,211.0,84.0,39.0,118.0,69.0,133.0,59.0,0.0,636.0,297.0,680.0,212.0,362.0,41.0,64.0,116.0,84.0,371.0,298.0,117.0,216.0,436.0,357.0,321.0,230.0,249.0,308.0,39.0,612.0,336.0,135.0,132.0,120.0,126.0,224.0,153.0,110.0,129.0,240.0,196.0,87.0,187.0,314.0,104.0,145.0,253.0,131.0,273.0,181.0,101.0,120.0,312.0
84,2609.0,3511.0,371.0,1020.0,2511.0,3120.0,3202.0,3537.0,931.0,1736.0,2797.0,766.0,1359.0,4990.0,1370.0,1277.0,1538.0,570.0,1375.0,1856.0,1006.0,2779.0,703.0,3678.0,5366.0,2555.0,1091.0,1524.0,3709.0,3505.0,966.0,721.0,485.0,4066.0,2588.0,1730.0,590.0,2625.0,1551.0,1149.0,2198.0,512.0,3539.0,987.0,810.0,1533.0,992.0,2259.0,1540.0,1770.0,431.0,1564.0,1753.0,296.0,645.0,317.0,558.0,1020.0,1280.0,561.0,1599.0,1219.0,2397.0,320.0,89.0,3158.0,1465.0,904.0,1604.0,2417.0,1049.0,1602.0,3108.0,2329.0,1285.0,412.0,155.0,727.0,349.0,829.0,287.0,636.0,0.0,1611.0,3625.0,1453.0,2196.0,173.0,392.0,713.0,388.0,2088.0,1865.0,527.0,1236.0,2282.0,1632.0,1877.0,1208.0,1443.0,1752.0,282.0,3523.0,1564.0,828.0,774.0,762.0,721.0,1107.0,791.0,582.0,493.0,1421.0,1084.0,460.0,960.0,1695.0,686.0,792.0,1271.0,733.0,1644.0,955.0,508.0,639.0,1731.0
85,989.0,1583.0,143.0,386.0,1127.0,1427.0,1412.0,1422.0,383.0,800.0,1339.0,327.0,545.0,2268.0,592.0,527.0,611.0,227.0,531.0,780.0,418.0,1134.0,307.0,1619.0,2251.0,1189.0,507.0,578.0,1465.0,1492.0,413.0,298.0,210.0,1747.0,1043.0,733.0,259.0,1027.0,649.0,458.0,944.0,201.0,1503.0,351.0,362.0,629.0,471.0,899.0,747.0,650.0,171.0,631.0,654.0,129.0,337.0,149.0,227.0,443.0,527.0,233.0,604.0,581.0,1017.0,147.0,43.0,1321.0,621.0,370.0,803.0,1044.0,475.0,637.0,1346.0,926.0,508.0,180.0,64.0,286.0,176.0,338.0,123.0,297.0,1611.0,0.0,1517.0,575.0,859.0,87.0,166.0,311.0,192.0,813.0,826.0,272.0,512.0,971.0,742.0,773.0,501.0,642.0,773.0,138.0,1548.0,719.0,320.0,335.0,322.0,321.0,496.0,344.0,282.0,235.0,580.0,468.0,197.0,346.0,727.0,318.0,666.0,539.0,314.0,687.0,423.0,214.0,297.0,730.0
86,2715.0,3450.0,438.0,971.0,2597.0,3159.0,3537.0,3319.0,815.0,2031.0,3242.0,604.0,1536.0,4632.0,1274.0,1248.0,1611.0,521.0,1434.0,1955.0,1020.0,2860.0,703.0,4161.0,6024.0,2714.0,1090.0,1358.0,3901.0,3774.0,915.0,831.0,514.0,3878.0,2251.0,1791.0,648.0,2600.0,1455.0,1153.0,2064.0,496.0,3894.0,1029.0,922.0,1318.0,964.0,2134.0,1699.0,1690.0,422.0,1397.0,1601.0,304.0,611.0,306.0,464.0,1002.0,1439.0,602.0,1349.0,1181.0,2641.0,319.0,91.0,3176.0,1450.0,878.0,1872.0,2467.0,1124.0,1603.0,3479.0,2181.0,1043.0,413.0,169.0,764.0,412.0,759.0,269.0,680.0,3625.0,1517.0,0.0,1471.0,1852.0,149.0,336.0,686.0,425.0,1917.0,1599.0,536.0,1272.0,2649.0,1561.0,1911.0,1329.0,1459.0,1728.0,284.0,3544.0,1706.0,860.0,836.0,713.0,764.0,1264.0,816.0,629.0,587.0,1437.0,1111.0,537.0,1010.0,1801.0,834.0,906.0,1436.0,766.0,1734.0,965.0,522.0,677.0,1671.0
87,941.0,1215.0,147.0,402.0,997.0,1210.0,1191.0,1318.0,319.0,687.0,1136.0,225.0,521.0,1808.0,514.0,446.0,536.0,201.0,583.0,747.0,384.0,1087.0,257.0,1438.0,2040.0,981.0,431.0,571.0,1414.0,1455.0,343.0,239.0,185.0,1481.0,857.0,677.0,209.0,960.0,550.0,447.0,843.0,213.0,1378.0,388.0,322.0,547.0,399.0,875.0,580.0,627.0,168.0,564.0,621.0,90.0,255.0,96.0,189.0,365.0,563.0,175.0,550.0,439.0,1016.0,105.0,31.0,1243.0,551.0,353.0,574.0,960.0,434.0,609.0,1224.0,822.0,485.0,152.0,55.0,305.0,152.0,324.0,113.0,212.0,1453.0,575.0,1471.0,0.0,741.0,61.0,142.0,242.0,152.0,715.0,648.0,200.0,525.0,887.0,500.0,695.0,511.0,527.0,716.0,117.0,1256.0,583.0,343.0,283.0,322.0,283.0,454.0,312.0,206.0,210.0,566.0,413.0,221.0,363.0,627.0,339.0,338.0,560.0,303.0,682.0,373.0,209.0,247.0,652.0
88,1265.0,1858.0,221.0,671.0,1315.0,1538.0,1687.0,2024.0,431.0,792.0,1485.0,358.0,665.0,2191.0,800.0,692.0,798.0,299.0,761.0,990.0,479.0,1648.0,408.0,1964.0,2920.0,1324.0,719.0,807.0,1831.0,1958.0,553.0,338.0,283.0,1930.0,1342.0,903.0,339.0,1373.0,866.0,713.0,1313.0,293.0,1835.0,520.0,512.0,806.0,534.0,1377.0,791.0,1029.0,216.0,790.0,939.0,160.0,356.0,149.0,297.0,552.0,794.0,268.0,1048.0,644.0,1302.0,188.0,46.0,1790.0,761.0,525.0,911.0,1334.0,608.0,903.0,1677.0,1293.0,683.0,213.0,80.0,378.0,215.0,443.0,166.0,362.0,2196.0,859.0,1852.0,741.0,0.0,95.0,166.0,314.0,190.0,1118.0,936.0,310.0,747.0,1290.0,799.0,989.0,668.0,789.0,922.0,164.0,1852.0,805.0,561.0,431.0,464.0,389.0,679.0,402.0,328.0,247.0,886.0,623.0,336.0,515.0,864.0,424.0,462.0,789.0,421.0,912.0,469.0,319.0,381.0,1041.0
89,124.0,119.0,19.0,42.0,113.0,129.0,190.0,145.0,50.0,77.0,132.0,48.0,56.0,230.0,61.0,42.0,63.0,36.0,57.0,95.0,63.0,114.0,49.0,162.0,220.0,149.0,57.0,63.0,154.0,129.0,48.0,33.0,16.0,168.0,103.0,62.0,33.0,96.0,58.0,72.0,108.0,24.0,185.0,47.0,46.0,74.0,72.0,110.0,72.0,62.0,25.0,83.0,59.0,19.0,31.0,22.0,30.0,58.0,65.0,23.0,80.0,78.0,112.0,11.0,6.0,130.0,61.0,46.0,91.0,107.0,34.0,89.0,151.0,110.0,57.0,22.0,9.0,37.0,20.0,39.0,16.0,41.0,173.0,87.0,149.0,61.0,95.0,0.0,17.0,35.0,22.0,83.0,104.0,46.0,48.0,103.0,60.0,92.0,52.0,71.0,79.0,12.0,158.0,73.0,31.0,41.0,29.0,40.0,54.0,34.0,31.0,23.0,63.0,50.0,19.0,45.0,60.0,34.0,44.0,52.0,42.0,62.0,40.0,32.0,26.0,89.0
90,277.0,328.0,49.0,78.0,247.0,319.0,351.0,331.0,90.0,197.0,310.0,67.0,151.0,493.0,134.0,122.0,161.0,60.0,120.0,173.0,92.0,278.0,66.0,386.0,523.0,253.0,109.0,142.0,365.0,344.0,108.0,82.0,50.0,432.0,212.0,160.0,71.0,235.0,148.0,141.0,213.0,62.0,371.0,104.0,84.0,162.0,92.0,237.0,148.0,151.0,40.0,139.0,149.0,35.0,88.0,40.0,74.0,92.0,119.0,65.0,131.0,135.0,259.0,38.0,9.0,298.0,154.0,99.0,171.0,224.0,102.0,161.0,349.0,181.0,114.0,43.0,10.0,67.0,39.0,85.0,26.0,64.0,392.0,166.0,336.0,142.0,166.0,17.0,0.0,87.0,37.0,197.0,145.0,66.0,94.0,257.0,148.0,181.0,133.0,144.0,173.0,37.0,389.0,174.0,75.0,78.0,68.0,82.0,122.0,83.0,72.0,53.0,124.0,116.0,55.0,84.0,174.0,69.0,86.0,134.0,85.0,156.0,100.0,65.0,65.0,165.0
91,533.0,753.0,110.0,161.0,570.0,706.0,786.0,607.0,169.0,531.0,837.0,144.0,306.0,1291.0,214.0,250.0,311.0,94.0,291.0,409.0,196.0,489.0,140.0,902.0,1211.0,560.0,247.0,239.0,768.0,784.0,196.0,181.0,162.0,787.0,460.0,326.0,154.0,410.0,302.0,230.0,463.0,86.0,905.0,183.0,211.0,314.0,178.0,408.0,456.0,358.0,94.0,282.0,318.0,60.0,129.0,73.0,107.0,188.0,241.0,173.0,262.0,252.0,487.0,83.0,21.0,670.0,325.0,169.0,403.0,519.0,194.0,297.0,806.0,354.0,225.0,114.0,37.0,160.0,85.0,179.0,80.0,116.0,713.0,311.0,686.0,242.0,314.0,35.0,87.0,0.0,129.0,377.0,292.0,171.0,215.0,511.0,401.0,416.0,277.0,317.0,392.0,79.0,760.0,403.0,136.0,181.0,110.0,202.0,276.0,182.0,153.0,190.0,258.0,256.0,106.0,235.0,433.0,156.0,187.0,280.0,164.0,316.0,232.0,107.0,112.0,333.0
92,296.0,449.0,45.0,91.0,266.0,375.0,428.0,347.0,73.0,252.0,469.0,86.0,181.0,571.0,128.0,154.0,162.0,57.0,159.0,221.0,121.0,304.0,72.0,535.0,638.0,300.0,132.0,165.0,421.0,447.0,94.0,76.0,63.0,393.0,250.0,182.0,99.0,311.0,158.0,116.0,251.0,47.0,432.0,125.0,131.0,164.0,113.0,252.0,234.0,195.0,57.0,143.0,186.0,39.0,87.0,46.0,63.0,118.0,164.0,109.0,186.0,124.0,250.0,48.0,14.0,383.0,163.0,108.0,211.0,269.0,132.0,185.0,461.0,215.0,131.0,60.0,30.0,83.0,55.0,90.0,42.0,84.0,388.0,192.0,425.0,152.0,190.0,22.0,37.0,129.0,0.0,184.0,218.0,82.0,127.0,307.0,193.0,201.0,152.0,186.0,205.0,37.0,429.0,242.0,102.0,116.0,68.0,99.0,165.0,105.0,79.0,90.0,169.0,145.0,58.0,132.0,254.0,108.0,121.0,165.0,107.0,224.0,154.0,68.0,68.0,198.0
93,1437.0,1849.0,248.0,871.0,1258.0,1779.0,1629.0,2180.0,482.0,1008.0,1552.0,345.0,760.0,2697.0,711.0,678.0,893.0,323.0,780.0,990.0,530.0,1515.0,412.0,1886.0,2653.0,1476.0,648.0,908.0,1915.0,1763.0,543.0,309.0,254.0,2141.0,1283.0,907.0,304.0,1376.0,897.0,802.0,1301.0,265.0,2131.0,539.0,455.0,832.0,559.0,1319.0,841.0,881.0,242.0,838.0,921.0,170.0,397.0,182.0,312.0,545.0,707.0,263.0,906.0,752.0,1340.0,183.0,50.0,1866.0,674.0,490.0,1013.0,1374.0,593.0,902.0,1600.0,1255.0,684.0,213.0,89.0,375.0,192.0,450.0,122.0,371.0,2088.0,813.0,1917.0,715.0,1118.0,83.0,197.0,377.0,184.0,0.0,987.0,357.0,733.0,1165.0,890.0,1190.0,701.0,722.0,1024.0,172.0,2018.0,890.0,479.0,403.0,420.0,394.0,607.0,399.0,313.0,256.0,805.0,562.0,266.0,503.0,897.0,428.0,442.0,707.0,384.0,825.0,499.0,301.0,349.0,969.0
94,1810.0,1636.0,187.0,558.0,1059.0,1582.0,1457.0,1803.0,407.0,879.0,1341.0,442.0,673.0,2240.0,671.0,553.0,707.0,254.0,590.0,877.0,534.0,1237.0,342.0,1781.0,2077.0,1308.0,554.0,683.0,1817.0,1738.0,479.0,330.0,221.0,1810.0,1153.0,783.0,322.0,1301.0,773.0,558.0,1056.0,247.0,1805.0,430.0,354.0,738.0,496.0,1114.0,705.0,789.0,201.0,639.0,798.0,128.0,326.0,159.0,239.0,471.0,705.0,284.0,758.0,612.0,1062.0,156.0,43.0,1682.0,772.0,516.0,804.0,1212.0,510.0,690.0,1226.0,1238.0,641.0,190.0,69.0,289.0,168.0,475.0,121.0,298.0,1865.0,826.0,1599.0,648.0,936.0,104.0,145.0,292.0,218.0,987.0,0.0,272.0,585.0,1010.0,635.0,782.0,505.0,718.0,880.0,150.0,1767.0,711.0,397.0,349.0,367.0,366.0,558.0,356.0,264.0,234.0,702.0,518.0,275.0,447.0,785.0,318.0,375.0,535.0,365.0,750.0,457.0,219.0,299.0,831.0
95,492.0,500.0,52.0,172.0,414.0,530.0,551.0,595.0,151.0,292.0,518.0,109.0,227.0,848.0,214.0,179.0,232.0,107.0,214.0,322.0,199.0,453.0,135.0,528.0,703.0,394.0,229.0,232.0,587.0,560.0,199.0,113.0,104.0,619.0,403.0,310.0,106.0,402.0,266.0,219.0,415.0,112.0,727.0,142.0,178.0,251.0,173.0,325.0,284.0,248.0,87.0,265.0,278.0,50.0,140.0,77.0,92.0,198.0,240.0,98.0,291.0,243.0,421.0,50.0,17.0,491.0,214.0,112.0,347.0,440.0,181.0,232.0,494.0,397.0,200.0,98.0,28.0,105.0,73.0,174.0,62.0,117.0,527.0,272.0,536.0,200.0,310.0,46.0,66.0,171.0,82.0,357.0,272.0,0.0,210.0,331.0,250.0,313.0,171.0,230.0,259.0,69.0,709.0,276.0,130.0,130.0,109.0,148.0,198.0,132.0,109.0,87.0,227.0,173.0,62.0,159.0,255.0,112.0,170.0,181.0,105.0,221.0,212.0,65.0,100.0,266.0
96,813.0,1253.0,150.0,386.0,819.0,1156.0,1107.0,1147.0,309.0,636.0,1013.0,221.0,505.0,1714.0,494.0,411.0,569.0,181.0,467.0,647.0,325.0,964.0,244.0,1299.0,1798.0,917.0,428.0,548.0,1207.0,1224.0,333.0,252.0,157.0,1443.0,953.0,580.0,217.0,870.0,534.0,423.0,779.0,193.0,1271.0,346.0,305.0,508.0,342.0,768.0,513.0,589.0,179.0,452.0,678.0,101.0,220.0,113.0,158.0,353.0,545.0,174.0,473.0,445.0,865.0,91.0,27.0,1052.0,495.0,328.0,656.0,897.0,390.0,542.0,1102.0,817.0,430.0,160.0,64.0,232.0,142.0,292.0,90.0,216.0,1236.0,512.0,1272.0,525.0,747.0,48.0,94.0,215.0,127.0,733.0,585.0,210.0,0.0,812.0,570.0,688.0,422.0,518.0,607.0,110.0,1321.0,578.0,291.0,267.0,282.0,228.0,420.0,277.0,200.0,143.0,513.0,384.0,149.0,334.0,622.0,246.0,305.0,483.0,263.0,602.0,306.0,205.0,228.0,610.0
97,1484.0,2253.0,260.0,564.0,1578.0,2009.0,2204.0,2120.0,478.0,1434.0,2036.0,362.0,1117.0,2726.0,829.0,906.0,975.0,283.0,923.0,1216.0,584.0,1735.0,457.0,2633.0,3320.0,1556.0,713.0,950.0,2197.0,2362.0,503.0,436.0,350.0,2236.0,1429.0,979.0,497.0,1698.0,909.0,705.0,1277.0,324.0,2209.0,638.0,619.0,730.0,583.0,1520.0,993.0,1178.0,291.0,843.0,1035.0,189.0,387.0,203.0,279.0,589.0,970.0,371.0,926.0,756.0,1554.0,225.0,54.0,2004.0,856.0,605.0,1204.0,1519.0,745.0,1132.0,2108.0,1338.0,782.0,264.0,122.0,547.0,272.0,429.0,178.0,436.0,2282.0,971.0,2649.0,887.0,1290.0,103.0,257.0,511.0,307.0,1165.0,1010.0,331.0,812.0,0.0,1164.0,1113.0,882.0,862.0,1206.0,236.0,2385.0,1055.0,598.0,570.0,456.0,542.0,833.0,514.0,394.0,308.0,889.0,764.0,412.0,592.0,1171.0,549.0,534.0,1051.0,588.0,1279.0,733.0,323.0,419.0,1158.0
98,1001.0,1693.0,168.0,399.0,929.0,1386.0,1507.0,1307.0,303.0,842.0,1401.0,228.0,624.0,2478.0,513.0,511.0,640.0,254.0,723.0,776.0,418.0,1052.0,321.0,1531.0,1994.0,1082.0,489.0,607.0,1316.0,1438.0,343.0,286.0,241.0,1542.0,998.0,669.0,309.0,1045.0,596.0,451.0,910.0,180.0,1626.0,368.0,424.0,605.0,428.0,1045.0,617.0,745.0,201.0,707.0,672.0,113.0,286.0,159.0,225.0,431.0,627.0,243.0,578.0,517.0,1007.0,145.0,42.0,1315.0,553.0,437.0,942.0,1134.0,430.0,794.0,1421.0,787.0,540.0,197.0,71.0,314.0,163.0,356.0,141.0,357.0,1632.0,742.0,1561.0,500.0,799.0,60.0,148.0,401.0,193.0,890.0,635.0,250.0,570.0,1164.0,0.0,908.0,660.0,630.0,800.0,127.0,1640.0,734.0,334.0,420.0,346.0,280.0,506.0,359.0,243.0,270.0,625.0,462.0,253.0,376.0,800.0,347.0,380.0,649.0,312.0,752.0,532.0,249.0,324.0,658.0
99,1189.0,1908.0,212.0,498.0,1297.0,1861.0,1702.0,1721.0,483.0,961.0,1663.0,339.0,641.0,2558.0,680.0,657.0,747.0,292.0,718.0,955.0,473.0,1342.0,393.0,1895.0,2546.0,1337.0,649.0,684.0,1817.0,1788.0,518.0,388.0,296.0,1954.0,1309.0,911.0,308.0,1194.0,748.0,578.0,1175.0,287.0,2170.0,488.0,470.0,1184.0,496.0,1171.0,814.0,798.0,208.0,826.0,773.0,129.0,384.0,168.0,301.0,542.0,761.0,337.0,750.0,628.0,1184.0,157.0,46.0,1569.0,693.0,470.0,885.0,1350.0,523.0,787.0,1635.0,1118.0,614.0,191.0,94.0,356.0,220.0,458.0,147.0,321.0,1877.0,773.0,1911.0,695.0,989.0,92.0,181.0,416.0,201.0,1190.0,782.0,313.0,688.0,1113.0,908.0,0.0,594.0,737.0,952.0,158.0,2078.0,855.0,378.0,369.0,371.0,371.0,614.0,364.0,318.0,292.0,762.0,584.0,260.0,440.0,874.0,378.0,404.0,696.0,400.0,781.0,528.0,289.0,346.0,900.0
100,769.0,1155.0,99.0,336.0,806.0,936.0,1150.0,1069.0,239.0,715.0,1052.0,217.0,529.0,1344.0,400.0,435.0,539.0,179.0,513.0,674.0,295.0,942.0,284.0,1250.0,1792.0,855.0,330.0,450.0,1186.0,1199.0,265.0,235.0,173.0,1210.0,788.0,454.0,241.0,896.0,487.0,389.0,629.0,178.0,1131.0,315.0,307.0,405.0,361.0,790.0,521.0,595.0,163.0,420.0,525.0,111.0,212.0,100.0,135.0,296.0,419.0,188.0,493.0,402.0,784.0,140.0,32.0,937.0,450.0,318.0,626.0,815.0,372.0,572.0,1070.0,579.0,423.0,122.0,70.0,277.0,132.0,248.0,84.0,230.0,1208.0,501.0,1329.0,511.0,668.0,52.0,133.0,277.0,152.0,701.0,505.0,171.0,422.0,882.0,660.0,594.0,0.0,450.0,576.0,98.0,1146.0,544.0,333.0,288.0,229.0,269.0,448.0,261.0,200.0,174.0,489.0,405.0,211.0,317.0,577.0,312.0,304.0,568.0,288.0,629.0,373.0,186.0,272.0,558.0
101,1230.0,1409.0,143.0,418.0,1034.0,1277.0,1330.0,1339.0,314.0,610.0,1263.0,269.0,460.0,2015.0,518.0,508.0,543.0,198.0,596.0,714.0,381.0,1146.0,308.0,1518.0,2158.0,1107.0,450.0,554.0,1510.0,1426.0,415.0,290.0,208.0,1678.0,839.0,690.0,236.0,943.0,600.0,476.0,955.0,206.0,1626.0,416.0,380.0,611.0,416.0,870.0,734.0,622.0,171.0,667.0,617.0,124.0,282.0,127.0,250.0,410.0,594.0,247.0,576.0,509.0,1012.0,112.0,35.0,1334.0,550.0,326.0,663.0,1043.0,390.0,590.0,1295.0,917.0,477.0,184.0,64.0,300.0,162.0,361.0,107.0,249.0,1443.0,642.0,1459.0,527.0,789.0,71.0,144.0,317.0,186.0,722.0,718.0,230.0,518.0,862.0,630.0,737.0,450.0,0.0,678.0,105.0,1329.0,699.0,341.0,279.0,283.0,282.0,483.0,311.0,229.0,216.0,562.0,465.0,187.0,402.0,731.0,333.0,363.0,533.0,294.0,610.0,407.0,195.0,264.0,682.0
102,1200.0,1819.0,181.0,471.0,1143.0,1637.0,1569.0,1484.0,364.0,976.0,1490.0,317.0,750.0,2507.0,684.0,599.0,778.0,247.0,627.0,895.0,450.0,1283.0,346.0,1931.0,2613.0,1201.0,438.0,686.0,1841.0,1874.0,401.0,364.0,243.0,1776.0,1218.0,814.0,314.0,1224.0,831.0,521.0,957.0,274.0,1685.0,476.0,454.0,648.0,439.0,1064.0,803.0,830.0,208.0,653.0,729.0,157.0,327.0,160.0,231.0,452.0,664.0,287.0,692.0,662.0,1207.0,165.0,39.0,1501.0,819.0,476.0,789.0,1161.0,515.0,810.0,1607.0,1005.0,709.0,196.0,84.0,377.0,180.0,344.0,124.0,308.0,1752.0,773.0,1728.0,716.0,922.0,79.0,173.0,392.0,205.0,1024.0,880.0,259.0,607.0,1206.0,800.0,952.0,576.0,678.0,0.0,160.0,1642.0,798.0,426.0,377.0,349.0,356.0,614.0,415.0,262.0,254.0,712.0,555.0,245.0,459.0,848.0,386.0,391.0,651.0,404.0,916.0,499.0,259.0,345.0,830.0
103,198.0,331.0,33.0,75.0,193.0,266.0,277.0,283.0,57.0,176.0,278.0,56.0,138.0,478.0,102.0,102.0,160.0,45.0,122.0,165.0,88.0,246.0,64.0,319.0,440.0,207.0,76.0,107.0,319.0,290.0,77.0,77.0,38.0,314.0,228.0,150.0,54.0,235.0,136.0,83.0,201.0,41.0,303.0,79.0,68.0,121.0,83.0,192.0,144.0,150.0,55.0,114.0,137.0,30.0,68.0,29.0,46.0,79.0,127.0,64.0,120.0,110.0,208.0,35.0,12.0,260.0,96.0,77.0,152.0,190.0,102.0,144.0,230.0,161.0,87.0,40.0,14.0,68.0,39.0,62.0,28.0,39.0,282.0,138.0,284.0,117.0,164.0,12.0,37.0,79.0,37.0,172.0,150.0,69.0,110.0,236.0,127.0,158.0,98.0,105.0,160.0,0.0,291.0,157.0,68.0,75.0,54.0,78.0,108.0,82.0,55.0,54.0,118.0,108.0,53.0,88.0,158.0,58.0,74.0,134.0,71.0,132.0,101.0,52.0,66.0,157.0
104,2463.0,3915.0,364.0,876.0,2470.0,2813.0,3391.0,3420.0,751.0,1736.0,2982.0,642.0,1267.0,4046.0,1275.0,1232.0,1441.0,517.0,1339.0,1734.0,897.0,2643.0,756.0,3577.0,5006.0,2615.0,1140.0,1392.0,3619.0,3252.0,989.0,678.0,509.0,3693.0,2343.0,1760.0,625.0,2356.0,1506.0,1135.0,2514.0,438.0,3545.0,879.0,925.0,1365.0,902.0,2177.0,1442.0,1520.0,420.0,1492.0,1610.0,313.0,644.0,270.0,496.0,931.0,1433.0,579.0,1460.0,1279.0,2440.0,298.0,92.0,3080.0,1330.0,802.0,1835.0,2523.0,1005.0,1529.0,3175.0,2092.0,1379.0,463.0,162.0,685.0,375.0,850.0,288.0,612.0,3523.0,1548.0,3544.0,1256.0,1852.0,158.0,389.0,760.0,429.0,2018.0,1767.0,709.0,1321.0,2385.0,1640.0,2078.0,1146.0,1329.0,1642.0,291.0,0.0,1661.0,724.0,807.0,762.0,747.0,1192.0,667.0,527.0,565.0,1478.0,1064.0,488.0,924.0,1659.0,752.0,849.0,1384.0,703.0,1680.0,977.0,514.0,587.0,1645.0
105,1100.0,1560.0,194.0,436.0,1170.0,1430.0,1509.0,1607.0,359.0,826.0,1513.0,322.0,635.0,1742.0,528.0,549.0,677.0,225.0,617.0,874.0,448.0,1213.0,352.0,1716.0,2542.0,1288.0,517.0,583.0,1599.0,1582.0,415.0,364.0,262.0,1773.0,1004.0,765.0,270.0,1057.0,668.0,576.0,1117.0,216.0,1619.0,447.0,472.0,659.0,456.0,1016.0,835.0,706.0,173.0,754.0,799.0,108.0,324.0,161.0,251.0,465.0,557.0,288.0,628.0,576.0,1076.0,166.0,37.0,1446.0,666.0,381.0,805.0,1175.0,430.0,675.0,1619.0,957.0,473.0,184.0,75.0,314.0,202.0,344.0,136.0,336.0,1564.0,719.0,1706.0,583.0,805.0,73.0,174.0,403.0,242.0,890.0,711.0,276.0,578.0,1055.0,734.0,855.0,544.0,699.0,798.0,157.0,1661.0,0.0,374.0,375.0,284.0,364.0,531.0,402.0,266.0,282.0,586.0,551.0,220.0,439.0,897.0,352.0,412.0,638.0,328.0,735.0,468.0,198.0,305.0,725.0
106,581.0,803.0,100.0,238.0,526.0,714.0,773.0,819.0,188.0,411.0,610.0,173.0,419.0,1134.0,330.0,294.0,410.0,116.0,359.0,428.0,258.0,674.0,147.0,958.0,1184.0,557.0,264.0,330.0,736.0,840.0,178.0,132.0,105.0,915.0,509.0,382.0,163.0,795.0,367.0,305.0,498.0,119.0,782.0,219.0,216.0,322.0,216.0,527.0,313.0,457.0,107.0,343.0,368.0,92.0,127.0,67.0,124.0,262.0,361.0,104.0,352.0,270.0,583.0,85.0,23.0,749.0,342.0,234.0,420.0,600.0,283.0,360.0,735.0,504.0,316.0,81.0,34.0,173.0,83.0,193.0,67.0,135.0,828.0,320.0,860.0,343.0,561.0,31.0,75.0,136.0,102.0,479.0,397.0,130.0,291.0,598.0,334.0,378.0,333.0,341.0,426.0,68.0,724.0,374.0,0.0,191.0,181.0,211.0,288.0,171.0,112.0,95.0,439.0,275.0,167.0,201.0,384.0,204.0,202.0,375.0,219.0,449.0,234.0,145.0,170.0,472.0
107,540.0,787.0,88.0,214.0,539.0,709.0,778.0,668.0,163.0,479.0,754.0,134.0,306.0,983.0,275.0,290.0,365.0,103.0,335.0,423.0,216.0,654.0,161.0,896.0,1153.0,547.0,233.0,344.0,795.0,807.0,198.0,150.0,122.0,787.0,484.0,342.0,167.0,570.0,318.0,241.0,417.0,93.0,763.0,197.0,220.0,254.0,192.0,520.0,355.0,400.0,100.0,280.0,365.0,65.0,153.0,66.0,126.0,212.0,302.0,139.0,332.0,228.0,566.0,94.0,24.0,686.0,286.0,176.0,426.0,525.0,233.0,350.0,751.0,451.0,281.0,101.0,44.0,198.0,107.0,198.0,61.0,132.0,774.0,335.0,836.0,283.0,431.0,41.0,78.0,181.0,116.0,403.0,349.0,130.0,267.0,570.0,420.0,369.0,288.0,279.0,377.0,75.0,807.0,375.0,191.0,0.0,145.0,163.0,295.0,179.0,136.0,135.0,315.0,259.0,139.0,206.0,423.0,166.0,203.0,325.0,185.0,416.0,255.0,106.0,149.0,423.0
108,460.0,712.0,95.0,241.0,484.0,648.0,610.0,762.0,168.0,389.0,563.0,139.0,269.0,990.0,285.0,281.0,321.0,110.0,300.0,384.0,211.0,593.0,157.0,767.0,1023.0,497.0,207.0,297.0,604.0,663.0,184.0,118.0,83.0,764.0,501.0,321.0,129.0,621.0,331.0,262.0,485.0,110.0,696.0,209.0,155.0,283.0,234.0,483.0,274.0,371.0,109.0,299.0,343.0,71.0,121.0,69.0,120.0,215.0,302.0,81.0,328.0,247.0,516.0,64.0,19.0,637.0,283.0,207.0,318.0,530.0,230.0,312.0,602.0,478.0,231.0,74.0,33.0,172.0,65.0,161.0,65.0,120.0,762.0,322.0,713.0,322.0,464.0,29.0,68.0,110.0,68.0,420.0,367.0,109.0,282.0,456.0,346.0,371.0,229.0,283.0,349.0,54.0,762.0,284.0,181.0,145.0,0.0,135.0,236.0,125.0,101.0,99.0,289.0,222.0,97.0,184.0,347.0,141.0,194.0,296.0,185.0,363.0,177.0,113.0,141.0,363.0
109,590.0,679.0,104.0,193.0,459.0,721.0,755.0,661.0,181.0,473.0,722.0,152.0,339.0,1004.0,252.0,252.0,318.0,103.0,284.0,422.0,198.0,625.0,128.0,814.0,970.0,543.0,242.0,298.0,737.0,724.0,204.0,152.0,106.0,714.0,467.0,340.0,166.0,500.0,291.0,255.0,467.0,105.0,808.0,199.0,196.0,291.0,194.0,473.0,350.0,363.0,92.0,315.0,316.0,61.0,143.0,80.0,91.0,196.0,278.0,133.0,335.0,240.0,490.0,87.0,26.0,687.0,272.0,177.0,345.0,506.0,218.0,347.0,723.0,410.0,251.0,91.0,39.0,166.0,92.0,188.0,66.0,126.0,721.0,321.0,764.0,283.0,389.0,40.0,82.0,202.0,99.0,394.0,366.0,148.0,228.0,542.0,280.0,371.0,269.0,282.0,356.0,78.0,747.0,364.0,211.0,163.0,135.0,0.0,268.0,200.0,128.0,156.0,290.0,266.0,118.0,169.0,373.0,158.0,191.0,304.0,164.0,362.0,278.0,101.0,173.0,355.0
110,722.0,1184.0,149.0,304.0,808.0,1120.0,1114.0,1330.0,256.0,698.0,1001.0,164.0,542.0,1635.0,391.0,408.0,544.0,128.0,449.0,659.0,320.0,862.0,229.0,1455.0,1808.0,805.0,324.0,463.0,1220.0,1233.0,295.0,247.0,187.0,1306.0,745.0,543.0,252.0,850.0,504.0,373.0,668.0,155.0,1098.0,314.0,303.0,422.0,304.0,724.0,573.0,608.0,142.0,473.0,627.0,94.0,214.0,117.0,166.0,313.0,476.0,194.0,511.0,424.0,825.0,102.0,34.0,1054.0,469.0,325.0,738.0,763.0,340.0,577.0,1125.0,638.0,367.0,133.0,69.0,290.0,147.0,235.0,112.0,224.0,1107.0,496.0,1264.0,454.0,679.0,54.0,122.0,276.0,165.0,607.0,558.0,198.0,420.0,833.0,506.0,614.0,448.0,483.0,614.0,108.0,1192.0,531.0,288.0,295.0,236.0,268.0,0.0,254.0,219.0,186.0,448.0,401.0,207.0,307.0,556.0,281.0,666.0,473.0,287.0,593.0,412.0,189.0,255.0,561.0
111,661.0,930.0,93.0,154.0,550.0,736.0,760.0,686.0,180.0,425.0,699.0,129.0,347.0,1015.0,248.0,264.0,347.0,116.0,306.0,414.0,175.0,566.0,149.0,852.0,1165.0,538.0,249.0,272.0,813.0,794.0,210.0,159.0,144.0,864.0,480.0,441.0,148.0,565.0,320.0,227.0,427.0,105.0,775.0,241.0,210.0,285.0,205.0,444.0,397.0,368.0,103.0,306.0,341.0,63.0,157.0,75.0,117.0,196.0,387.0,134.0,315.0,264.0,527.0,67.0,32.0,735.0,351.0,197.0,389.0,510.0,256.0,385.0,741.0,485.0,276.0,103.0,28.0,157.0,112.0,178.0,70.0,153.0,791.0,344.0,816.0,312.0,402.0,34.0,83.0,182.0,105.0,399.0,356.0,132.0,277.0,514.0,359.0,364.0,261.0,311.0,415.0,82.0,667.0,402.0,171.0,179.0,125.0,200.0,254.0,0.0,144.0,153.0,314.0,241.0,131.0,229.0,436.0,166.0,198.0,311.0,179.0,347.0,267.0,105.0,134.0,365.0
112,450.0,620.0,76.0,162.0,388.0,541.0,510.0,527.0,138.0,354.0,514.0,121.0,237.0,766.0,196.0,209.0,238.0,91.0,234.0,292.0,153.0,455.0,116.0,638.0,852.0,389.0,182.0,233.0,590.0,577.0,146.0,103.0,92.0,643.0,403.0,320.0,101.0,456.0,239.0,178.0,379.0,85.0,620.0,165.0,147.0,237.0,158.0,363.0,296.0,275.0,70.0,212.0,226.0,58.0,107.0,60.0,81.0,190.0,224.0,109.0,227.0,228.0,390.0,70.0,21.0,494.0,217.0,128.0,268.0,369.0,170.0,267.0,570.0,351.0,208.0,94.0,27.0,127.0,80.0,136.0,54.0,110.0,582.0,282.0,629.0,206.0,328.0,31.0,72.0,153.0,79.0,313.0,264.0,109.0,200.0,394.0,243.0,318.0,200.0,229.0,262.0,55.0,527.0,266.0,112.0,136.0,101.0,128.0,219.0,144.0,0.0,101.0,215.0,205.0,103.0,152.0,303.0,144.0,135.0,214.0,142.0,281.0,212.0,97.0,124.0,312.0
113,414.0,523.0,57.0,123.0,362.0,553.0,585.0,491.0,123.0,328.0,633.0,126.0,218.0,724.0,191.0,187.0,278.0,77.0,206.0,295.0,157.0,373.0,108.0,725.0,820.0,432.0,181.0,189.0,555.0,469.0,133.0,134.0,110.0,592.0,318.0,236.0,127.0,309.0,208.0,169.0,389.0,80.0,601.0,113.0,173.0,225.0,141.0,317.0,326.0,238.0,76.0,257.0,248.0,43.0,112.0,36.0,77.0,161.0,230.0,162.0,187.0,192.0,349.0,57.0,17.0,514.0,207.0,100.0,309.0,369.0,130.0,205.0,593.0,312.0,158.0,80.0,32.0,100.0,62.0,133.0,75.0,129.0,493.0,235.0,587.0,210.0,247.0,23.0,53.0,190.0,90.0,256.0,234.0,87.0,143.0,308.0,270.0,292.0,174.0,216.0,254.0,54.0,565.0,282.0,95.0,135.0,99.0,156.0,186.0,153.0,101.0,0.0,200.0,170.0,66.0,164.0,296.0,112.0,122.0,159.0,102.0,230.0,157.0,64.0,93.0,243.0
114,979.0,1597.0,123.0,422.0,973.0,1223.0,1266.0,1391.0,313.0,745.0,1159.0,252.0,572.0,1978.0,547.0,480.0,660.0,220.0,576.0,725.0,358.0,1026.0,321.0,1401.0,1944.0,1028.0,437.0,559.0,1325.0,1326.0,364.0,265.0,190.0,1464.0,883.0,593.0,225.0,1058.0,550.0,500.0,812.0,238.0,1458.0,362.0,315.0,562.0,389.0,852.0,550.0,690.0,203.0,592.0,625.0,118.0,259.0,114.0,227.0,421.0,586.0,207.0,605.0,497.0,885.0,138.0,41.0,1299.0,482.0,383.0,665.0,981.0,467.0,721.0,1129.0,972.0,476.0,166.0,67.0,283.0,165.0,327.0,101.0,240.0,1421.0,580.0,1437.0,566.0,886.0,63.0,124.0,258.0,169.0,805.0,702.0,227.0,513.0,889.0,625.0,762.0,489.0,562.0,712.0,118.0,1478.0,586.0,439.0,315.0,289.0,290.0,448.0,314.0,215.0,200.0,0.0,400.0,227.0,358.0,655.0,300.0,336.0,518.0,298.0,634.0,413.0,214.0,294.0,753.0
119,827.0,1111.0,128.0,323.0,788.0,965.0,1048.0,1076.0,246.0,649.0,1021.0,212.0,461.0,1667.0,413.0,390.0,501.0,148.0,410.0,587.0,295.0,879.0,235.0,1235.0,1722.0,820.0,344.0,424.0,1172.0,1173.0,295.0,259.0,165.0,1210.0,771.0,521.0,214.0,769.0,477.0,361.0,687.0,176.0,1137.0,319.0,272.0,439.0,335.0,688.0,561.0,565.0,168.0,474.0,523.0,92.0,208.0,106.0,164.0,339.0,435.0,199.0,501.0,406.0,740.0,97.0,29.0,1006.0,442.0,266.0,510.0,770.0,317.0,471.0,1059.0,647.0,391.0,129.0,65.0,238.0,129.0,248.0,86.0,196.0,1084.0,468.0,1111.0,413.0,623.0,50.0,116.0,256.0,145.0,562.0,518.0,173.0,384.0,764.0,462.0,584.0,405.0,465.0,555.0,108.0,1064.0,551.0,275.0,259.0,222.0,266.0,401.0,241.0,205.0,170.0,400.0,0.0,185.0,311.0,544.0,236.0,273.0,440.0,255.0,558.0,349.0,164.0,234.0,569.0
120,361.0,508.0,59.0,183.0,318.0,466.0,475.0,453.0,110.0,289.0,442.0,87.0,255.0,639.0,170.0,200.0,246.0,53.0,202.0,268.0,139.0,401.0,110.0,556.0,783.0,354.0,143.0,211.0,469.0,491.0,122.0,101.0,86.0,481.0,292.0,229.0,102.0,391.0,208.0,148.0,270.0,74.0,493.0,148.0,125.0,154.0,123.0,305.0,194.0,281.0,55.0,198.0,208.0,45.0,83.0,44.0,61.0,132.0,213.0,85.0,228.0,159.0,329.0,48.0,10.0,458.0,199.0,141.0,240.0,334.0,184.0,253.0,493.0,317.0,157.0,57.0,38.0,124.0,71.0,86.0,53.0,87.0,460.0,197.0,537.0,221.0,336.0,19.0,55.0,106.0,58.0,266.0,275.0,62.0,149.0,412.0,253.0,260.0,211.0,187.0,245.0,53.0,488.0,220.0,167.0,139.0,97.0,118.0,207.0,131.0,103.0,66.0,227.0,185.0,0.0,120.0,259.0,128.0,107.0,230.0,152.0,291.0,154.0,90.0,105.0,266.0
121,682.0,934.0,99.0,237.0,607.0,861.0,931.0,848.0,232.0,524.0,836.0,147.0,349.0,1309.0,367.0,311.0,371.0,156.0,378.0,516.0,228.0,693.0,190.0,1008.0,1380.0,680.0,280.0,368.0,1036.0,902.0,252.0,180.0,134.0,1023.0,584.0,451.0,181.0,631.0,370.0,308.0,597.0,140.0,948.0,241.0,229.0,374.0,247.0,581.0,423.0,426.0,117.0,373.0,420.0,79.0,172.0,75.0,147.0,260.0,378.0,162.0,336.0,287.0,724.0,98.0,23.0,845.0,364.0,221.0,461.0,635.0,297.0,400.0,852.0,543.0,268.0,113.0,63.0,229.0,92.0,210.0,79.0,187.0,960.0,346.0,1010.0,363.0,515.0,45.0,84.0,235.0,132.0,503.0,447.0,159.0,334.0,592.0,376.0,440.0,317.0,402.0,459.0,88.0,924.0,439.0,201.0,206.0,184.0,169.0,307.0,229.0,152.0,164.0,358.0,311.0,120.0,0.0,443.0,209.0,223.0,377.0,216.0,450.0,289.0,113.0,170.0,454.0
123,1149.0,1644.0,189.0,425.0,1232.0,1521.0,1661.0,1555.0,353.0,946.0,1600.0,332.0,703.0,2244.0,546.0,578.0,700.0,254.0,656.0,948.0,446.0,1288.0,361.0,1873.0,2614.0,1294.0,493.0,637.0,1791.0,1768.0,477.0,349.0,263.0,1948.0,1096.0,814.0,334.0,1165.0,678.0,523.0,1045.0,215.0,1899.0,472.0,441.0,659.0,394.0,973.0,830.0,770.0,216.0,707.0,752.0,135.0,359.0,144.0,228.0,419.0,631.0,347.0,669.0,604.0,1203.0,157.0,40.0,1548.0,639.0,346.0,791.0,1226.0,465.0,741.0,1636.0,937.0,564.0,249.0,84.0,385.0,185.0,351.0,162.0,314.0,1695.0,727.0,1801.0,627.0,864.0,60.0,174.0,433.0,254.0,897.0,785.0,255.0,622.0,1171.0,800.0,874.0,577.0,731.0,848.0,158.0,1659.0,897.0,384.0,423.0,347.0,373.0,556.0,436.0,303.0,296.0,655.0,544.0,259.0,443.0,0.0,351.0,445.0,638.0,355.0,754.0,556.0,281.0,320.0,747.0
126,530.0,751.0,87.0,213.0,505.0,700.0,680.0,701.0,175.0,406.0,655.0,126.0,356.0,974.0,262.0,290.0,370.0,101.0,297.0,394.0,190.0,589.0,154.0,931.0,1112.0,476.0,241.0,304.0,749.0,779.0,194.0,132.0,121.0,829.0,475.0,347.0,122.0,570.0,329.0,253.0,453.0,99.0,806.0,190.0,189.0,287.0,192.0,468.0,349.0,380.0,103.0,313.0,331.0,60.0,158.0,53.0,102.0,202.0,293.0,94.0,318.0,258.0,508.0,63.0,19.0,645.0,318.0,200.0,372.0,547.0,256.0,316.0,785.0,464.0,251.0,86.0,48.0,189.0,79.0,151.0,61.0,104.0,686.0,318.0,834.0,339.0,424.0,34.0,69.0,156.0,108.0,428.0,318.0,112.0,246.0,549.0,347.0,378.0,312.0,333.0,386.0,58.0,752.0,352.0,204.0,166.0,141.0,158.0,281.0,166.0,144.0,112.0,300.0,236.0,128.0,209.0,351.0,0.0,180.0,344.0,175.0,346.0,213.0,109.0,159.0,359.0
128,590.0,848.0,90.0,229.0,595.0,743.0,795.0,860.0,194.0,480.0,783.0,155.0,352.0,1052.0,315.0,286.0,374.0,110.0,323.0,468.0,221.0,669.0,194.0,921.0,1224.0,634.0,252.0,309.0,792.0,864.0,227.0,150.0,105.0,926.0,514.0,411.0,180.0,597.0,329.0,287.0,569.0,132.0,862.0,261.0,233.0,311.0,262.0,529.0,400.0,425.0,124.0,350.0,418.0,70.0,156.0,70.0,105.0,243.0,330.0,136.0,362.0,284.0,600.0,85.0,18.0,727.0,314.0,240.0,447.0,579.0,250.0,366.0,745.0,476.0,273.0,102.0,52.0,160.0,115.0,174.0,59.0,145.0,792.0,666.0,906.0,338.0,462.0,44.0,86.0,187.0,121.0,442.0,375.0,170.0,305.0,534.0,380.0,404.0,304.0,363.0,391.0,74.0,849.0,412.0,202.0,203.0,194.0,191.0,666.0,198.0,135.0,122.0,336.0,273.0,107.0,223.0,445.0,180.0,0.0,358.0,182.0,394.0,235.0,114.0,131.0,429.0
129,1005.0,1425.0,164.0,353.0,874.0,1106.0,1280.0,1296.0,306.0,773.0,1107.0,227.0,626.0,1581.0,435.0,486.0,580.0,190.0,550.0,714.0,333.0,1010.0,314.0,1515.0,1999.0,873.0,375.0,499.0,1332.0,1328.0,327.0,251.0,183.0,1374.0,769.0,607.0,282.0,983.0,476.0,445.0,774.0,181.0,1247.0,365.0,340.0,441.0,375.0,829.0,566.0,653.0,178.0,521.0,614.0,128.0,212.0,107.0,140.0,369.0,605.0,237.0,496.0,437.0,864.0,144.0,29.0,1156.0,523.0,346.0,697.0,927.0,432.0,625.0,1246.0,700.0,450.0,176.0,74.0,306.0,130.0,281.0,109.0,253.0,1271.0,539.0,1436.0,560.0,789.0,52.0,134.0,280.0,165.0,707.0,535.0,181.0,483.0,1051.0,649.0,696.0,568.0,533.0,651.0,134.0,1384.0,638.0,375.0,325.0,296.0,304.0,473.0,311.0,214.0,159.0,518.0,440.0,230.0,377.0,638.0,344.0,358.0,0.0,317.0,717.0,409.0,215.0,267.0,676.0
131,519.0,738.0,73.0,233.0,518.0,688.0,697.0,685.0,157.0,404.0,616.0,121.0,311.0,939.0,297.0,290.0,350.0,109.0,337.0,406.0,201.0,608.0,144.0,862.0,1190.0,535.0,220.0,289.0,735.0,805.0,212.0,144.0,109.0,842.0,466.0,325.0,132.0,587.0,285.0,253.0,418.0,102.0,782.0,234.0,202.0,271.0,216.0,502.0,366.0,378.0,100.0,307.0,310.0,62.0,138.0,76.0,106.0,208.0,300.0,114.0,310.0,261.0,515.0,84.0,24.0,697.0,326.0,217.0,377.0,524.0,216.0,359.0,664.0,433.0,270.0,89.0,47.0,165.0,73.0,175.0,64.0,131.0,733.0,314.0,766.0,303.0,421.0,42.0,85.0,164.0,107.0,384.0,365.0,105.0,263.0,588.0,312.0,400.0,288.0,294.0,404.0,71.0,703.0,328.0,219.0,185.0,185.0,164.0,287.0,179.0,142.0,102.0,298.0,255.0,152.0,216.0,355.0,175.0,182.0,317.0,0.0,393.0,211.0,107.0,149.0,402.0
135,1108.0,1732.0,192.0,473.0,1093.0,1530.0,1523.0,1558.0,325.0,919.0,1363.0,273.0,733.0,2318.0,604.0,601.0,762.0,192.0,667.0,894.0,397.0,1202.0,316.0,1766.0,2291.0,1091.0,498.0,666.0,1505.0,1706.0,401.0,331.0,231.0,1560.0,1061.0,772.0,332.0,1181.0,662.0,513.0,903.0,201.0,1533.0,438.0,404.0,559.0,397.0,1067.0,652.0,857.0,205.0,624.0,745.0,141.0,264.0,137.0,227.0,445.0,760.0,244.0,652.0,499.0,1097.0,173.0,41.0,1417.0,563.0,439.0,751.0,1099.0,542.0,766.0,1425.0,916.0,531.0,174.0,88.0,361.0,161.0,313.0,106.0,273.0,1644.0,687.0,1734.0,682.0,912.0,62.0,156.0,316.0,224.0,825.0,750.0,221.0,602.0,1279.0,752.0,781.0,629.0,610.0,916.0,132.0,1680.0,735.0,449.0,416.0,363.0,362.0,593.0,347.0,281.0,230.0,634.0,558.0,291.0,450.0,754.0,346.0,394.0,717.0,393.0,0.0,458.0,282.0,324.0,802.0
136,669.0,982.0,139.0,230.0,700.0,856.0,967.0,843.0,203.0,620.0,980.0,175.0,459.0,1548.0,339.0,331.0,463.0,135.0,401.0,504.0,265.0,703.0,198.0,1207.0,1472.0,688.0,275.0,368.0,978.0,1057.0,214.0,235.0,170.0,972.0,584.0,443.0,235.0,645.0,387.0,297.0,593.0,131.0,1071.0,229.0,274.0,369.0,214.0,622.0,491.0,465.0,133.0,372.0,414.0,78.0,211.0,88.0,111.0,248.0,321.0,199.0,369.0,283.0,628.0,103.0,21.0,873.0,366.0,227.0,573.0,635.0,271.0,467.0,965.0,494.0,336.0,130.0,38.0,233.0,122.0,191.0,96.0,181.0,955.0,423.0,965.0,373.0,469.0,40.0,100.0,232.0,154.0,499.0,457.0,212.0,306.0,733.0,532.0,528.0,373.0,407.0,499.0,101.0,977.0,468.0,234.0,255.0,177.0,278.0,412.0,267.0,212.0,157.0,413.0,349.0,154.0,289.0,556.0,213.0,235.0,409.0,211.0,458.0,0.0,137.0,201.0,502.0
137,361.0,501.0,61.0,142.0,289.0,456.0,499.0,497.0,121.0,251.0,455.0,110.0,214.0,638.0,212.0,182.0,232.0,75.0,197.0,294.0,131.0,421.0,107.0,563.0,703.0,338.0,149.0,214.0,488.0,490.0,128.0,80.0,76.0,533.0,333.0,241.0,113.0,351.0,216.0,161.0,313.0,68.0,546.0,162.0,148.0,189.0,152.0,352.0,229.0,215.0,69.0,230.0,221.0,44.0,83.0,45.0,96.0,164.0,216.0,85.0,235.0,165.0,346.0,62.0,19.0,476.0,211.0,116.0,231.0,350.0,160.0,243.0,451.0,330.0,183.0,55.0,26.0,98.0,62.0,126.0,44.0,101.0,508.0,214.0,522.0,209.0,319.0,32.0,65.0,107.0,68.0,301.0,219.0,65.0,205.0,323.0,249.0,289.0,186.0,195.0,259.0,52.0,514.0,198.0,145.0,106.0,113.0,101.0,189.0,105.0,97.0,64.0,214.0,164.0,90.0,113.0,281.0,109.0,114.0,215.0,107.0,282.0,137.0,0.0,113.0,267.0
138,427.0,645.0,98.0,198.0,445.0,665.0,615.0,569.0,176.0,394.0,551.0,123.0,261.0,871.0,242.0,251.0,270.0,98.0,270.0,338.0,161.0,527.0,142.0,754.0,916.0,434.0,174.0,229.0,656.0,644.0,176.0,140.0,97.0,707.0,522.0,299.0,144.0,511.0,293.0,244.0,345.0,100.0,635.0,264.0,162.0,279.0,211.0,453.0,259.0,356.0,88.0,301.0,277.0,71.0,119.0,79.0,101.0,166.0,254.0,88.0,277.0,202.0,437.0,63.0,26.0,609.0,269.0,176.0,306.0,423.0,233.0,306.0,565.0,380.0,255.0,82.0,31.0,150.0,86.0,121.0,72.0,120.0,639.0,297.0,677.0,247.0,381.0,26.0,65.0,112.0,68.0,349.0,299.0,100.0,228.0,419.0,324.0,346.0,272.0,264.0,345.0,66.0,587.0,305.0,170.0,149.0,141.0,173.0,255.0,134.0,124.0,93.0,294.0,234.0,105.0,170.0,320.0,159.0,131.0,267.0,149.0,324.0,201.0,113.0,0.0,359.0
145,1080.0,1653.0,202.0,574.0,1173.0,1532.0,1627.0,1847.0,422.0,932.0,1446.0,291.0,639.0,2488.0,667.0,596.0,751.0,264.0,623.0,892.0,428.0,1357.0,341.0,1873.0,2415.0,1151.0,482.0,736.0,1676.0,1706.0,458.0,295.0,219.0,1790.0,1173.0,778.0,320.0,1323.0,745.0,637.0,996.0,232.0,1767.0,459.0,407.0,734.0,462.0,1072.0,686.0,861.0,232.0,654.0,751.0,129.0,345.0,134.0,252.0,481.0,716.0,246.0,726.0,622.0,1101.0,167.0,34.0,1634.0,686.0,526.0,826.0,1099.0,527.0,696.0,1487.0,1128.0,625.0,191.0,79.0,356.0,196.0,333.0,118.0,312.0,1731.0,730.0,1671.0,652.0,1041.0,89.0,165.0,333.0,198.0,969.0,831.0,266.0,610.0,1158.0,658.0,900.0,558.0,682.0,830.0,157.0,1645.0,725.0,472.0,423.0,363.0,355.0,561.0,365.0,312.0,243.0,753.0,569.0,266.0,454.0,747.0,359.0,429.0,676.0,402.0,802.0,502.0,267.0,359.0,0.0
